Cong ID,Congregation Name,Number of Youth Male,Number of Youth Female,Number of Youth Nonbinary,Number of Youth Gender Non-Conforming,Number of Adult Male,Number of Adult Female,Number of Adult Nonbinary,Number of Adult Gender Non-Conforming,Number of MYLE participants,Number of the tAble participants,Doubles Requested,Kings Requested,Priority Incentive,Hotel Price Range,Hotel Location
11449,Aardahl Lutheran Church,1,,,,,1,,,,2,,1,Hotel price,$140-150 + tax,Superdome
4755,Abiding Christ Lutheran Church,3,2,,,1,1,,,,,,,,,
30906,Abiding Grace Lutheran Church,1,8,,,2,1,,1,,,4,3,Hotel location,$166-185 + tax,Convention Center
16407,Abiding Hope Lutheran Church,14,19,,,2,8,,,,,9,4,Hotel location,$166-185 + tax,Downtown
16162,Abiding Love Lutheran Church,2,3,,1,1,2,,,,,4,1,Hotel price,$151-165 + tax,Downtown
3736,Abiding Presence Lutheran Church,2,1,,,1,1,,,,,2,1,Hotel location,$140-150 + tax,French Quarter
30130,Abiding Presence Lutheran Church,4,2,,,1,2,,,,,2,2,Accompaniment experience,$151-165 + tax,Downtown
7573,Abiding Presence Lutheran Church,3,8,,,2,2,,,,2,5,,Hotel location,$151-165 + tax,Downtown
11864,Abiding Savior Lutheran Church,,,,,1,1,,,,,,,,,
4538,Advent Evangelical Lutheran Church,2,3,,2,1,1,,,,,2,1,Accompaniment experience,$166-185 + tax,Superdome
7751,Advent Lutheran Church,3,1,,,1,1,,,,,,,,,
7224,Advent Lutheran Church,1,,,,1,,,,,,,1,Hotel price,$140-150 + tax,Superdome
7587,Advent Lutheran Church,,2,,,1,1,,,,,,3,Accompaniment experience,$151-165 + tax,Downtown
30694,Advent Lutheran Church,,1,,,1,,,,,,1,,Hotel price,$140-150 + tax,Superdome
13889,Advent Lutheran Church,5,,,,1,1,,,,,1,3,Hotel location,$151-165 + tax,Downtown
5127,Advent Lutheran Church,1,3,,,1,1,,,,,2,1,Hotel location,$151-165 + tax,Convention Center
12922,Advent Lutheran Church,3,5,,,1,2,,,,,3,,,,
5476,Advent Lutheran Church,1,2,,,1,2,,,,,3,,Hotel location,$151-165 + tax,Superdome
5827,Advent Lutheran Church,2,2,,,1,2,,,,,5,,Hotel location,$166-185 + tax,Superdome
700,Advent Lutheran Church Of Goschenhoppen,1,3,,,,2,,,,,3,,Accompaniment experience,$166-185 + tax,Downtown
7716,All Saints Lutheran Church,4,4,,,2,1,,,,,2,2,Hotel location,$151-165 + tax,French Quarter
7468,All Saints Lutheran Church,1,9,,,4,1,,,,,8,,Hotel location,$166-185 + tax,Superdome
4535,All Saints Lutheran Church,11,19,,,4,2,,,,,12,1,Hotel location,$166-185 + tax,Superdome
30044,All Shepherds Lutheran Church,4,5,,,1,2,,,,,3,2,Accompaniment experience,$151-165 + tax,Superdome
758,Allegheny Lutheran Church,4,12,,1,2,8,,,,,8,,Hotel location,$151-165 + tax,French Quarter
30201,Alleluia Lutheran Church,1,2,,,1,,,1,,,3,1,Accompaniment experience,$151-165 + tax,Downtown
30421,Alleluia Lutheran Church,17,17,,,2,5,,,,,13,4,Hotel location,$166-185 + tax,Downtown
16241,Amazing Grace Lutheran Church,,,,,1,,,,,,,,,,
16014,Amazing Grace Lutheran Church,7,12,,,2,5,,,,,8,,Hotel price,$140-150 + tax,Downtown
12243,American Lutheran Church,3,2,,,1,1,,,,,2,,Hotel price,$140-150 + tax,Downtown
13646,American Lutheran Church,3,4,,,1,1,,,,,3,1,Accompaniment experience,$166-185 + tax,Superdome
11011,American Lutheran Church,1,5,,,1,2,,,,,4,,Hotel location,$140-150 + tax,Downtown
10009,American Lutheran Church,4,9,,,1,2,,,,,7,,Hotel location,$166-185 + tax,Downtown
10110,American Lutheran Church,13,13,,,3,7,,,,,10,,Hotel location,$166-185 + tax,Downtown
1661,Andover Lutheran Church,,3,,,,3,,,,,2,,Accompaniment experience,$166-185 + tax,Downtown
1751,Apostles Lutheran Church,,3,,,1,2,,,,,3,,Hotel location,$151-165 + tax,Superdome
22,Ascención Lutheran Church,3,3,,,1,1,,,8,,2,,Hotel price,$151-165 + tax,Downtown
5187,Ascension Lutheran Church,4,,,1,,2,,,,,,,,,
12902,Ascension Lutheran Church,,1,,,,2,,,,,,,,,
13522,Ascension Lutheran Church,1,4,,,1,3,,,,,,,,,
3926,Ascension Lutheran Church,5,3,,,1,1,,,,,2,2,Hotel location,$166-185 + tax,Downtown
13865,Ascension Lutheran Church,1,1,,,1,1,,,4,,3,1,,,
10052,Ascension Lutheran Church,4,4,,,1,3,,,,,3,1,Hotel location,$151-165 + tax,Downtown
13366,Ascension Lutheran Church,5,4,,,2,3,,,,,4,,Hotel location,$151-165 + tax,Convention Center
20269,Ascension Lutheran Church,10,2,,,2,3,,,7,,4,1,Hotel location,,
11367,Ascension Lutheran Church,2,15,,,4,6,,,,,7,3,Hotel location,$151-165 + tax,Superdome
16457,Ascension Lutheran Church,16,7,,1,4,3,,,,,10,,Hotel location,$166-185 + tax,Convention Center
14428,Atonement Lutheran Church,3,,,,3,,,,,,2,,,,
16452,Atonement Lutheran Church,,,,,1,,,,,,2,,Accompaniment experience,$140-150 + tax,French Quarter
14758,Atonement Lutheran Church,2,2,,1,1,1,,,,,2,1,Accompaniment experience,$151-165 + tax,Superdome
13351,Atonement Lutheran Church,,7,,,1,2,,,,,3,1,Hotel location,$151-165 + tax,Convention Center
10197,Atonement Lutheran Church,4,5,,,2,1,,,,,6,,Hotel location,$151-165 + tax,Downtown
4130,Augsburg Lutheran Church,5,4,,,2,3,,,,,5,,Hotel location,$166-185 + tax,French Quarter
16176,Augustana Campus Congregation Lutheran Church,78,126,,,19,46,,1,1,,85,5,Hotel location,$166-185 + tax,Downtown
5464,Augustana Lutheran Church,3,2,,,1,2,,1,,,2,4,Accompaniment experience,$151-165 + tax,French Quarter
2458,Augustana Lutheran Church,2,2,,,1,2,,,,2,3,,Hotel location,$151-165 + tax,Downtown
3174,Augustana Lutheran Church,9,5,,,1,3,,,,,5,1,Hotel location,$151-165 + tax,Convention Center
14612,Barneveld Lutheran Church,1,2,,,,4,,,,,3,1,Hotel location,$151-165 + tax,French Quarter
14565,Bay View Lutheran Church,4,5,,,1,3,,,,,5,1,Hotel location,$151-165 + tax,Downtown
7490,Beautiful Savior Lutheran Church,1,1,,,,1,,,,,1,1,Hotel location,$140-150 + tax,Downtown
7226,Beaver Lutheran Church,3,2,,,1,2,,,,,3,1,Accompaniment experience,$166-185 + tax,French Quarter
13519,Bergen Lutheran Church,3,3,,,,1,,,,,2,1,Accompaniment experience,$166-185 + tax,French Quarter
12,Betel Lutheran Church,1,1,,,,1,,,,,,,,,
5080,Bethania Evangelical Lutheran Church,3,5,,,1,2,,,,,3,1,Hotel location,$166-185 + tax,French Quarter
1979,Bethany Lutheran Church,3,3,,,1,1,,,,,,,,,
12160,Bethany Lutheran Church,,4,,,,3,,,,,2,,Accompaniment experience,$140-150 + tax,Superdome
2417,Bethany Lutheran Church,2,3,,,1,3,,,,,2,2,Accompaniment experience,$151-165 + tax,French Quarter
5326,Bethany Lutheran Church,4,2,,,1,2,,1,,,2,2,Hotel price,$140-150 + tax,French Quarter
12669,Bethany Lutheran Church,,7,,,1,2,,,,,2,4,Hotel location,$166-185 + tax,Downtown
1576,Bethany Lutheran Church,3,5,,,1,1,,,,,3,2,Hotel location,$166-185 + tax,French Quarter
1958,Bethany Lutheran Church,8,4,,,2,1,,,,,5,,Hotel location,$151-165 + tax,Convention Center
2066,Bethany Lutheran Church,1,4,,,1,2,,,,,5,,Hotel location,$151-165 + tax,Superdome
11634,Bethany Lutheran Church,3,8,,,2,2,,,,,6,,Hotel location,$166-185 + tax,Superdome
5472,Bethany Lutheran Church,6,8,,2,2,2,,,,,6,2,Hotel location,$151-165 + tax,French Quarter
14529,Bethany Lutheran Church,2,16,,,,4,,,,,8,2,Hotel location,$166-185 + tax,Downtown
12183,Bethel Lutheran Church,,3,,,,1,,,,,1,,Hotel price,$151-165 + tax,French Quarter
10576,Bethel Lutheran Church,,2,,,,2,,,,,1,1,Hotel location,$151-165 + tax,Downtown
20169,Bethel Lutheran Church,,2,,,1,2,,,,,2,1,Accompaniment experience,$166-185 + tax,Downtown
6115,Bethel Lutheran Church,3,2,,,2,1,,,,,2,2,Hotel location,$166-185 + tax,Downtown
10973,Bethel Lutheran Church,2,3,,,1,2,,,,,3,1,Accompaniment experience,$151-165 + tax,Superdome
13198,Bethel Lutheran Church,5,2,,,1,1,,,,,4,,Hotel price,$166-185 + tax,Superdome
4843,Bethel Lutheran Church,4,1,,,2,2,,,,,4,1,Hotel location,$166-185 + tax,Convention Center
11881,Bethel Lutheran Church,4,6,,1,1,1,,,,,5,1,Hotel location,$151-165 + tax,Superdome
13791,Bethel Lutheran Church,5,6,,,1,2,,,,,6,,Hotel location,$151-165 + tax,Downtown
6034,Bethel Lutheran Church,9,2,,1,2,2,,,,,6,,Hotel price,$151-165 + tax,Downtown
12528,Bethel Lutheran Church,5,21,,,2,5,,,,,7,4,Hotel location,$166-185 + tax,Superdome
2905,Bethesda Evangelical Lutheran Church,1,2,,,1,,,,,,1,,Hotel location,$140-150 + tax,Superdome
3211,Bethesda Lutheran Church,5,4,,,1,1,,,,,3,1,Accompaniment experience,$151-165 + tax,Downtown
2879,Bethlehem Lutheran Church,,,,,1,,,,,,,,,,
10160,Bethlehem Lutheran Church,,,,,1,,,,,,,,,,
11299,Bethlehem Lutheran Church,,2,,3,1,1,,,,,,,,,
11676,Bethlehem Lutheran Church,1,1,,,1,,,,,,,,Accompaniment experience,$151-165 + tax,Convention Center
11002,Bethlehem Lutheran Church,,1,,,,1,,,,,1,,Accompaniment experience,$151-165 + tax,Superdome
4144,Bethlehem Lutheran Church,,2,,,,2,,,,,1,,Hotel location,$151-165 + tax,Downtown
12097,Bethlehem Lutheran Church,,5,,,,2,,,,,2,1,,,
2211,Bethlehem Lutheran Church,,3,,,1,2,,,,,2,1,Hotel location,$151-165 + tax,French Quarter
13822,Bethlehem Lutheran Church,1,3,,,1,1,,,,,2,2,Hotel location,$151-165 + tax,French Quarter
10388,Bethlehem Lutheran Church,1,5,,,1,1,,,,,3,,Hotel location,$166-185 + tax,Downtown
2401,Bethlehem Lutheran Church,6,,,,1,1,,,,,3,1,Hotel location,$151-165 + tax,French Quarter
11335,Bethlehem Lutheran Church,1,4,,,,3,,,,,3,2,Hotel location,$166-185 + tax,Downtown
12139,Bethlehem Lutheran Church,5,3,,,,3,,,,,4,,,,
12584,Bethlehem Lutheran Church,7,3,,,,3,,,,,4,1,Accompaniment experience,$151-165 + tax,French Quarter
6533,Bethlehem Lutheran Church,7,1,,,1,2,,,,,5,,Hotel location,$151-165 + tax,Downtown
11505,Bethlehem Lutheran Church,5,6,,,2,2,,,,,6,,Hotel price,$151-165 + tax,Downtown
3345,Bethlehem Lutheran Church,12,15,,,4,2,,,,,7,,Hotel location,$166-185 + tax,French Quarter
11678,Bethlehem Lutheran Church,10,12,,,,7,,,,,10,,Hotel location,$151-165 + tax,Downtown
13493,Bethlehem Lutheran Church,17,32,,,2,5,,,,,17,4,Accompaniment experience,$151-165 + tax,Downtown
14790,Bonnet Prairie Lutheran Church,1,,,1,,1,,,,,1,,Hotel location,$166-185 + tax,French Quarter
16455,Bread Of Life Lutheran Church,2,7,,,1,1,,,,,4,,Accompaniment experience,$151-165 + tax,French Quarter
11459,Breckenridge Lutheran Church,2,10,,,,4,,,,,6,,Hotel location,$151-165 + tax,Downtown
10862,Burr Oak Lutheran Church,2,,,,,1,,,3,,,,,,
1318,Calvary Evangelical Lutheran Church,,2,,,2,1,,,,,2,,Accompaniment experience,$140-150 + tax,
11622,Calvary Lutheran Church,1,2,,,,1,,,,,,,,,
13676,Calvary Lutheran Church,7,12,,,2,2,,,,,,,,,
14430,Calvary Lutheran Church,3,8,,,1,4,,,,,,,,,
4512,Calvary Lutheran Church,1,1,,,1,1,,,,,2,,Accompaniment experience,$166-185 + tax,Downtown
2054,Calvary Lutheran Church,,4,,,,2,,,,,2,,Hotel location,$166-185 + tax,French Quarter
4165,Calvary Lutheran Church,3,6,,,1,2,,,,,2,2,Hotel location,$166-185 + tax,Downtown
12354,Calvary Lutheran Church,18,12,,,2,4,,,,,15,,Hotel location,$166-185 + tax,Downtown
14126,Calvary Lutheran Church,18,16,,,3,3,,,,,15,3,Accompaniment experience,$151-165 + tax,Superdome
13530,Canton Lutheran Church,8,13,,,1,4,,,,,6,3,Hotel location,$151-165 + tax,Downtown
30559,Capitol Hill Lutheran Church,1,1,,,,2,,,,,4,,Accompaniment experience,$151-165 + tax,Convention Center
16203,Celebration Lutheran Church,,2,,,1,,,,,,1,1,Hotel location,$166-185 + tax,Convention Center
11734,Central Freeborn Lutheran Church,2,1,,,1,1,,,,,2,,Hotel price,$140-150 + tax,French Quarter
11822,Central Lutheran Church,1,4,,2,2,2,,,,,,,,,
14662,Central Lutheran Church,1,8,,,,3,,,,,4,,Hotel location,$151-165 + tax,Superdome
11972,Central Lutheran Church,6,3,,,1,2,,,,,5,,Hotel location,$151-165 + tax,Convention Center
11729,Chatfield Lutheran Church,2,5,,,,2,,,,,2,2,Hotel location,$151-165 + tax,Convention Center
30236,"Christ Community Church, ELCA",3,,,,1,1,,,,,1,1,Accompaniment experience,$166-185 + tax,Downtown
14242,Christ Lutheran Church,7,4,,,1,3,,,,,,,,,
14472,Christ Lutheran Church,2,2,,,,3,,,,,1,2,Hotel location,$140-150 + tax,French Quarter
510,Christ Lutheran Church,,2,,,,2,,,,,2,,Hotel location,$151-165 + tax,Superdome
10244,Christ Lutheran Church,3,3,,,1,1,,,,,2,,Hotel location,$151-165 + tax,Convention Center
14035,Christ Lutheran Church,2,3,,,1,1,,,,,2,,Hotel location,$151-165 + tax,Superdome
14139,Christ Lutheran Church,1,3,,,1,1,,,,,2,2,Accompaniment experience,$151-165 + tax,Convention Center
585,Christ Lutheran Church,4,3,,,2,1,,,,,2,2,Hotel location,$166-185 + tax,French Quarter
13000,Christ Lutheran Church,3,2,,,1,2,,,,,3,,,,
405,Christ Lutheran Church,3,3,,,3,1,,,,,3,2,Hotel location,$151-165 + tax,Downtown
6029,Christ Lutheran Church,2,5,,,2,1,,,,,3,2,Hotel location,$166-185 + tax,Superdome
30063,Christ Lutheran Church,5,3,,,1,2,,,,,3,2,Hotel location,$151-165 + tax,Convention Center
698,Christ Lutheran Church,2,7,,,,2,,,,,4,,Accompaniment experience,$166-185 + tax,Downtown
2666,Christ Lutheran Church,7,3,,,3,2,,,,2,4,1,Hotel location,$151-165 + tax,French Quarter
3290,Christ Lutheran Church,3,5,,,,2,,,,,4,1,Hotel location,$166-185 + tax,Superdome
20170,Christ Lutheran Church,5,1,,,1,2,,,,,4,1,Hotel location,$140-150 + tax,Downtown
7448,Christ Lutheran Church,1,5,,1,2,1,,,,,4,1,Hotel price,$140-150 + tax,Superdome
10329,Christ Lutheran Church,5,6,,,2,1,,,,,5,,Accompaniment experience,$151-165 + tax,Downtown
14074,Christ Lutheran Church,4,5,,,1,2,,,,,5,1,Accompaniment experience,$166-185 + tax,Downtown
10808,Christ Lutheran Church,3,10,,2,2,3,,,,,5,1,Hotel location,$166-185 + tax,Superdome
14810,Christ Lutheran Church,5,9,,,1,3,,,,,5,2,Hotel location,$140-150 + tax,French Quarter
4178,Christ Lutheran Church,7,20,,,3,7,,,,2,7,5,Hotel location,,Superdome
14105,Christ Lutheran Church - Dallas,2,5,,,1,1,,,,,2,3,Hotel price,$151-165 + tax,Downtown
7727,Christ Our Redeemer Lutheran Church,2,3,,,1,1,,,,,3,1,Hotel location,$151-165 + tax,Downtown
7404,Christ Our Shepherd Lutheran Church,7,3,,,2,1,,,,,5,,Hotel location,$166-185 + tax,Downtown
12140,Christ The King Lutheran Church,1,4,,,,2,,,,,,,,,
14659,Christ The King Lutheran Church,,2,,,,1,,,,,2,,Accompaniment experience,$151-165 + tax,Downtown
7648,Christ The King Lutheran Church,2,1,,,1,1,,,,,2,,Hotel location,$166-185 + tax,Convention Center
5959,Christ The King Lutheran Church,3,3,,1,1,1,,,,,3,2,Accompaniment experience,$151-165 + tax,Downtown
11005,Christ The King Lutheran Church,3,8,,,2,3,,,,,3,2,Accompaniment experience,$151-165 + tax,Superdome
4851,Christ The King Lutheran Church,3,7,,,1,2,,,,,4,,Hotel location,$151-165 + tax,Convention Center
7651,Christ The King Lutheran Church,2,4,,,2,1,,,,,5,,Accompaniment experience,$166-185 + tax,French Quarter
7610,Christ the King Lutheran Church,5,8,,,5,3,,,,,5,,Hotel price,$140-150 + tax,Superdome
11825,Christ The King Lutheran Church,8,6,,,3,3,,,,,6,,Hotel location,$151-165 + tax,Downtown
7636,Christ The King Lutheran Church,8,3,,,1,2,,,,,6,,Hotel price,$151-165 + tax,Superdome
4096,Christ The King Lutheran Church,9,9,,,2,2,,,,,8,,Accompaniment experience,$166-185 + tax,Downtown
7325,Christ The Redeemer Lutheran Church,8,,,,1,1,,,,,2,2,Hotel location,$166-185 + tax,Downtown
31372,Christ The River Of Life Lutheran Church,8,5,,,2,2,,,17,,3,3,Hotel location,$166-185 + tax,Convention Center
7644,Christ The Savior Lutheran Church,,7,,,,3,,,,,4,,Accompaniment experience,$166-185 + tax,Downtown
6709,Christ The Servant Lutheran Church,1,3,,,1,2,,,,,3,,Accompaniment experience,$151-165 + tax,French Quarter
5197,Christ The Shepherd Lutheran Church,,,,,,1,,,1,,1,2,Hotel price,$140-150 + tax,Convention Center
1281,Christ's Evangelical Lutheran Church,,5,,,,4,,,,,3,,Hotel location,$140-150 + tax,Downtown
7469,Christus Victor Lutheran Church,3,,,,1,1,,,,,1,2,Hotel location,$166-185 + tax,Downtown
7571,Christus Victor Lutheran Church,2,3,,,1,1,,,,,2,2,Accompaniment experience,$151-165 + tax,Convention Center
3225,Christus Victor Lutheran Church,11,3,,3,2,3,,,2,2,4,4,Hotel location,$151-165 + tax,Downtown
20206,"Church Of Our Saviour, Lutheran",,1,,,,1,,,,,1,,Hotel location,$151-165 + tax,Downtown
7474,Community In Christ Lutheran Church,4,4,,,1,2,,,,,3,1,Hotel location,$151-165 + tax,Superdome
10516,Community Lutheran Church,4,7,,,,3,,,,,5,,Hotel location,$151-165 + tax,Downtown
5247,Community Presbyterian Church,2,4,,,,3,,,,,2,1,Hotel location,$166-185 + tax,Downtown
11470,Comstock Lutheran Church,1,3,,,1,2,,,,,4,,Hotel location,$151-165 + tax,Downtown
11509,Concordia Lutheran Church,4,10,,,2,2,,,,,6,,Hotel location,$151-165 + tax,French Quarter
30851,Cristo Rey Lutheran Church,1,7,,,2,,,,9,,2,2,Hotel location,$151-165 + tax,Downtown
3214,Cross Of Calvary Lutheran Church,3,7,,,1,2,,,,,3,2,Hotel location,$166-185 + tax,Convention Center
30542,Cross of Grace Lutheran Church,5,8,,,2,1,,,,,5,1,Hotel location,$166-185 + tax,Downtown
5870,Cross of Life Lutheran Church,8,5,,,2,1,,,,,5,1,,,
11997,Crow River Lutheran Church,1,,,,,1,,,,,,,,,
11728,Crown of Glory Lutheran Church,2,,,,1,,,,,,,,,,
10906,Decorah Lutheran Church,31,45,,,8,13,,,3,,33,7,Accompaniment experience,$166-185 + tax,Convention Center
14708,Dekorra Lutheran Church,1,3,,,1,3,,,,,1,4,Accompaniment experience,$151-165 + tax,French Quarter
11485,Dilworth Lutheran Church,9,19,,,1,8,,,,,,,,,
4857,Ebenezer Lutheran Church,,3,,,,2,,,,,1,1,Hotel location,$140-150 + tax,Downtown
5598,Ebenezer Lutheran Church,1,2,,,,2,,,,,2,2,Hotel location,$166-185 + tax,Superdome
1829,Edgebrook Lutheran Church,3,3,,1,1,1,,,,,4,2,Hotel location,$151-165 + tax,Downtown
13925,Elim Lutheran Church,3,1,,,1,2,,,,,5,,Accompaniment experience,$151-165 + tax,Downtown
2461,Emanuel Lutheran Church,1,1,,,1,1,,,,,1,2,,,
11324,Emanuel Lutheran Church,2,3,,,,3,,,,,3,,Hotel price,$140-150 + tax,Downtown
5926,Emanuel Lutheran Church,3,5,,,,4,,,12,,3,2,Hotel price,$140-150 + tax,Downtown
13240,Emanuel Lutheran Church,4,7,,,1,3,,,,,4,1,Hotel location,$151-165 + tax,Superdome
3484,Emanuel Lutheran Church,1,6,,,,1,,,4,,5,1,Accompaniment experience,$166-185 + tax,
14544,Emmanuel Evangelical Lutheran Church,,1,,,1,,,,,,,,,,
1776,Emmanuel Lutheran Church,5,2,,,1,,,,,,,,,,
3343,Emmanuel Lutheran Church,2,2,,,1,,,,,,2,1,Hotel location,$166-185 + tax,Downtown
13296,Emmanuel Lutheran Church,4,2,,,1,1,,,,,2,2,Hotel location,$166-185 + tax,Superdome
3556,Emmanuel Lutheran Church,1,4,,,,2,,,,,3,,Hotel price,$151-165 + tax,Superdome
6101,Emmanuel Lutheran Church,3,3,,,2,2,,,,,4,,,,
1762,Emmanuel Lutheran Church,4,4,,,1,1,,,,,4,,Hotel location,$151-165 + tax,Downtown
2926,Emmanuel Lutheran Church,2,3,,,1,1,,,,,4,,Hotel location,$151-165 + tax,French Quarter
16009,Emmanuel Lutheran Church,10,10,,,2,4,,,,,4,2,Hotel location,$151-165 + tax,Superdome
10536,Emmanuel Lutheran Church,3,13,,1,2,5,,,5,,11,1,Hotel location,$166-185 + tax,French Quarter
6095,Epiphany Lutheran Church,12,10,,,4,1,,,,,,,,,
1103,Epiphany Lutheran Church,2,2,,,1,1,,,,,,4,Hotel price,$140-150 + tax,Superdome
13278,Epiphany Lutheran Church,4,2,,,1,1,,,,,3,2,Accompaniment experience,$140-150 + tax,Superdome
13155,Epiphany Lutheran Church,10,21,,,2,5,,,,,10,4,Accompaniment experience,$151-165 + tax,Superdome
5364,Esther Lutheran Church,2,5,,,1,1,,,,,3,,Accompaniment experience,$151-165 + tax,Downtown
3191,Evangelical Lutheran Church,6,8,,,3,2,,,,,4,2,Accompaniment experience,$166-185 + tax,Convention Center
14753,Evangelical Lutheran Church,4,20,,,2,5,,,,,8,2,Hotel location,$166-185 + tax,Downtown
726,Evangelical Lutheran Church of the Reformation,3,2,,,,1,,,6,,3,1,Hotel price,$151-165 + tax,Downtown
11942,Evanger Lutheran Church,,,,,1,1,,,,,,,,,
14534,Ezekiel Lutheran Church,5,13,,,,2,,,,,6,1,Hotel price,$140-150 + tax,Downtown
3241,Faith Evangelical Lutheran Church,9,9,,,1,3,,,,,5,3,Accompaniment experience,$151-165 + tax,French Quarter
30854,Faith Immanuel Lutheran Church,9,10,,,3,1,,,23,,4,4,Hotel price,$140-150 + tax,Convention Center
12538,Faith Journey Lutheran Church,1,7,,,1,1,,,,,3,,Hotel location,$151-165 + tax,Convention Center
4685,Faith Lutheran Church,,,,,,1,,,,,,,,,
4812,Faith Lutheran Church,,,,,1,,,,,,,,,,
1761,Faith Lutheran Church,5,1,,,1,2,,,,,,7,,,
2324,Faith Lutheran Church,,2,,,,2,,,,,1,1,Hotel location,$140-150 + tax,Downtown
10224,Faith Lutheran Church,,4,,,1,1,,,,,1,2,Hotel location,$166-185 + tax,Superdome
11700,Faith Lutheran Church,2,6,,,1,3,,,,,1,4,Hotel location,$166-185 + tax,Superdome
2004,Faith Lutheran Church,,4,,,,2,,,,,2,,,,
3054,Faith Lutheran Church,,3,,,,2,,,,,2,,Hotel location,$151-165 + tax,Superdome
4688,Faith Lutheran Church,2,,,,2,,,,,,2,,Hotel price,$151-165 + tax,Superdome
11657,Faith Lutheran Church,1,1,,,1,2,,,,,2,1,Accompaniment experience,$151-165 + tax,Convention Center
13777,Faith Lutheran Church,2,3,,,1,1,,,,,2,2,,,
3675,Faith Lutheran Church,3,3,,,1,3,,,2,,3,,Accompaniment experience,$166-185 + tax,Downtown
12162,Faith Lutheran Church,,6,,,,3,,,,,3,,Accompaniment experience,$140-150 + tax,Downtown
10864,Faith Lutheran Church,2,2,,,,2,,,,,3,,Hotel location,$166-185 + tax,Superdome
20086,Faith Lutheran Church,2,4,,,1,1,,,,,3,,Hotel location,$151-165 + tax,Downtown
1967,Faith Lutheran Church,2,3,,,,2,,,,,3,,Hotel price,$140-150 + tax,Downtown
14650,Faith Lutheran Church,7,3,,,2,4,,,,,3,3,Accompaniment experience,$151-165 + tax,Downtown
12574,Faith Lutheran Church,2,5,,,2,1,,,,,3,3,Hotel location,$166-185 + tax,Superdome
11956,Faith Lutheran Church,2,11,,,1,3,,,,,4,2,Hotel location,$166-185 + tax,French Quarter
14427,Faith Lutheran Church,5,5,,,1,1,,,,,4,2,Hotel location,$166-185 + tax,Superdome
2445,Faith Lutheran Church,9,2,,,,4,,,,,5,,Hotel location,$151-165 + tax,Downtown
16053,Faith Lutheran Church,7,5,,,1,2,,,,,5,1,Hotel location,$166-185 + tax,Downtown
7784,Faith Lutheran Church,3,12,,,1,4,,,,,6,1,Hotel location,$166-185 + tax,Superdome
1902,Faith Lutheran Church,9,6,,,1,3,,,,,6,1,Hotel price,$140-150 + tax,Convention Center
20135,Family Of Christ Lutheran Church,7,11,,,1,4,,,3,,10,,Hotel location,$151-165 + tax,Downtown
11758,Farmington Lutheran Church,5,4,,1,2,1,,,,,3,3,Hotel price,$151-165 + tax,Superdome
7418,Fellowship Lutheran Church,6,6,,,2,4,,,15,,5,3,,,
14500,First American Lutheran Church,1,2,,,,2,,,,,3,,,,
14312,First English Lutheran Church,3,6,,,1,2,,,,,,,,,
6096,First English Lutheran Church,2,2,,,1,1,,,,,1,3,Hotel location,$166-185 + tax,Downtown
2694,First English Lutheran Church,1,2,,,,3,,,,,2,,Accompaniment experience,$140-150 + tax,French Quarter
12174,First English Lutheran Church,6,1,,,1,2,,,,,3,3,Hotel price,$140-150 + tax,French Quarter
14582,First English Lutheran Church,2,6,,,1,2,,,,,4,,Accompaniment experience,$166-185 + tax,French Quarter
10758,First English Lutheran Church,1,5,,,,3,,,,,6,1,Accompaniment experience,$151-165 + tax,Downtown
11061,"First Evangelical Lutheran Church Of West Okoboji, Iowa",14,7,,,2,5,,,,,9,1,Accompaniment experience,$151-165 + tax,Superdome
4176,First Lutheran Church,,,,,1,1,,,,,,,,,
6324,First Lutheran Church,,2,,,,2,,,,,,,,,
11482,First Lutheran Church,,,,,,1,,,,,,,,,
11490,First Lutheran Church,1,,,,,1,,,,,,,,,
12167,First Lutheran Church,1,8,,,,3,,,,,,,,,
12838,First Lutheran Church,2,2,,,,1,,,,,,,,,
14324,First Lutheran Church,1,1,,,2,,,,,,,,,,
12124,First Lutheran Church,3,8,,,,3,,,,,,,Hotel price,$140-150 + tax,Convention Center
3422,First Lutheran Church,,1,,,,1,,,,,,1,Hotel location,$166-185 + tax,Superdome
4116,First Lutheran Church,1,1,,,1,1,,,,,,3,Hotel location,$166-185 + tax,Superdome
11627,First Lutheran Church,4,4,,,1,1,,,,,,5,,,
12882,First Lutheran Church,,4,,,,2,,,,,1,1,Accompaniment experience,$151-165 + tax,Downtown
14412,First Lutheran Church,,4,,,,2,,,,,2,,Hotel location,$166-185 + tax,Superdome
2959,First Lutheran Church,3,3,,,1,2,,,,,2,2,Accompaniment experience,$140-150 + tax,French Quarter
3561,First Lutheran Church,3,1,,,,1,,1,,,2,2,Accompaniment experience,$166-185 + tax,Downtown
3123,First Lutheran Church,,,,,1,,,,,,3,,,,
10858,First Lutheran Church,1,3,,,1,1,,,,,3,,Accompaniment experience,$151-165 + tax,Superdome
3052,First Lutheran Church,6,3,,,2,1,,,,,3,,Hotel location,$166-185 + tax,Convention Center
3119,First Lutheran Church,2,4,,,,2,,,,,3,,Hotel price,$140-150 + tax,Convention Center
2931,First Lutheran Church,3,2,,,1,1,,,,,3,1,Accompaniment experience,$166-185 + tax,Downtown
12199,First Lutheran Church,3,5,,,1,,,,,,3,1,Hotel price,$140-150 + tax,Downtown
11146,First Lutheran Church,8,1,,,1,2,,,,,3,2,Accompaniment experience,$151-165 + tax,Superdome
4109,First Lutheran Church,2,6,,,1,2,,,,,3,3,Hotel location,$166-185 + tax,Downtown
12671,First Lutheran Church,1,8,,,,2,,,,,4,,Accompaniment experience,$140-150 + tax,French Quarter
14372,First Lutheran Church,11,,,,2,,,,,,4,,Accompaniment experience,$166-185 + tax,French Quarter
11830,First Lutheran Church,5,7,,1,1,2,,,,,4,,Hotel location,$140-150 + tax,Convention Center
12507,First Lutheran Church,1,9,,,,4,,,,,4,,Hotel location,$151-165 + tax,Convention Center
2405,First Lutheran Church,3,4,,,1,3,,,,,4,1,Hotel location,$166-185 + tax,Downtown
12197,First Lutheran Church,3,6,,,1,2,,,,,4,1,Hotel location,$166-185 + tax,Convention Center
3401,First Lutheran Church,4,4,,,1,3,,,,,4,4,Hotel location,$166-185 + tax,Superdome
2668,First Lutheran Church,4,4,,,1,1,,1,3,,5,,,,
12465,First Lutheran Church,2,5,,,1,3,,,,,5,,Accompaniment experience,$151-165 + tax,French Quarter
3180,First Lutheran Church,2,5,,,1,2,,,,,5,,Hotel location,$151-165 + tax,Downtown
6087,First Lutheran Church,2,6,,,1,1,,,,,5,,Hotel location,,
12386,First Lutheran Church,5,6,,,,3,,,,,5,,Hotel price,$140-150 + tax,Superdome
14460,First Lutheran Church,3,4,,,2,2,,,,,5,,Hotel price,$166-185 + tax,Superdome
3271,First Lutheran Church,6,5,,1,1,2,,,,,5,1,Accompaniment experience,$140-150 + tax,Convention Center
12369,First Lutheran Church,11,3,,,1,2,,,,,5,1,Hotel location,$151-165 + tax,Downtown
14613,First Lutheran Church,3,4,,,2,1,,,,,5,1,Hotel location,$151-165 + tax,Downtown
11706,First Lutheran Church,3,9,,,,4,,,,,5,2,Hotel location,$166-185 + tax,Downtown
4503,First Lutheran Church,6,8,,,1,2,,,,,6,1,Hotel location,$151-165 + tax,French Quarter
2972,First Lutheran Church,9,8,,,2,2,,,,,7,,Hotel location,$151-165 + tax,French Quarter
13539,First Lutheran Church,6,9,,,1,2,,,,,7,,Hotel location,$166-185 + tax,Superdome
12656,First Lutheran Church,4,13,,,1,3,,,,,7,2,,,
14768,First Lutheran Church,8,16,,,2,3,,,,,7,2,Hotel location,$166-185 + tax,Downtown
5502,First Lutheran Church,9,13,,,2,3,,,,,7,3,Accompaniment experience,$151-165 + tax,French Quarter
10031,First Lutheran Church,4,23,,,1,6,,,,,12,,Accompaniment experience,$151-165 + tax,Superdome
12145,First Lutheran Church,22,24,,,3,5,,,,,14,1,Hotel location,$166-185 + tax,Downtown
12962,First Lutheran Church Of Richmond Beach,3,3,,1,,2,,,,,2,1,Hotel price,$140-150 + tax,Downtown
4170,Friendship Lutheran Church,2,6,,,1,3,,,,,4,2,Hotel location,$151-165 + tax,Downtown
3088,Galilee Lutheran Church,3,,,,1,1,,,,,1,1,Hotel location,$151-165 + tax,French Quarter
30107,Gateway Trinity Lutheran Church Of The Elca,3,4,,,1,2,,,8,2,5,1,Accompaniment experience,$151-165 + tax,Downtown
14320,Gethsemane Lutheran Church,3,,,,1,,,,,,,,,,
3196,Gethsemane Lutheran Church,2,1,,1,,2,,,,,2,1,Hotel location,$166-185 + tax,French Quarter
2141,Gethsemane Lutheran Church,4,2,,,,3,,,,2,4,,Hotel location,$151-165 + tax,Downtown
5881,Gethsemane Lutheran Church,5,1,,,2,1,,,,,4,,Hotel location,$166-185 + tax,Downtown
20228,Gethsemane Lutheran Church,3,4,,,3,2,,,,,4,,Hotel location,$166-185 + tax,Downtown
2968,Gethsemane Lutheran Church,4,6,,,1,2,,,,,5,,Accompaniment experience,$140-150 + tax,Convention Center
10969,Gilbert Lutheran Church,4,10,,,2,1,,,,,5,1,Accompaniment experience,,French Quarter
13794,Gloria Dei Lutheran Church,5,,,,,1,,,,,,,,,
4840,Gloria Dei Lutheran Church,2,1,,,,3,,,,,2,,Hotel price,$140-150 + tax,Downtown
4908,Gloria Dei Lutheran Church,5,1,,,1,2,,,2,,2,2,Hotel location,$166-185 + tax,Downtown
10872,Gloria Dei Lutheran Church,5,5,,,,2,,,,,5,,Hotel location,$151-165 + tax,Downtown
6881,Gloria Dei Lutheran Church,9,16,,,2,5,,,,,6,4,Hotel price,$140-150 + tax,Downtown
11904,Gloria Dei Lutheran Church,16,13,,,2,5,,,,,12,,Hotel price,$140-150 + tax,Convention Center
16318,Gloria Dei Lutheran Church,15,25,,,4,4,,,,,16,1,Accompaniment experience,$166-185 + tax,Downtown
3011,Good Shepherd Lutheran Church,4,4,,2,,2,,,,,,,,,
6772,Good Shepherd Lutheran Church,3,9,,,,4,,,,,,,,,
7686,Good Shepherd Lutheran Church,,,,,,1,,,,,,,,,
3666,Good Shepherd Lutheran Church,1,2,,,1,1,,,,,1,3,Hotel location,$166-185 + tax,Downtown
14431,Good Shepherd Lutheran Church,1,1,,,1,1,,,,,2,,Hotel price,$140-150 + tax,Downtown
13352,Good Shepherd Lutheran Church,3,3,,,1,1,,,,,2,2,Accompaniment experience,$166-185 + tax,Downtown
7820,Good Shepherd Lutheran Church,,5,,,,2,,,,,3,,Hotel price,$151-165 + tax,Superdome
16122,Good Shepherd Lutheran Church,,3,,1,,1,,,,,3,1,,,
1911,Good Shepherd Lutheran Church,5,1,,,1,2,,,,,3,2,Accompaniment experience,$166-185 + tax,French Quarter
16104,Good Shepherd Lutheran Church,6,4,,,2,5,,,,,3,4,Hotel location,,Downtown
5036,Good Shepherd Lutheran Church,3,1,,,2,1,,,,,4,,Hotel location,$151-165 + tax,Convention Center
12233,Good Shepherd Lutheran Church,3,7,,,,3,,,1,,4,1,Hotel price,$151-165 + tax,Convention Center
20113,Good Shepherd Lutheran Church,3,8,,,1,2,,,,,5,,Hotel price,$140-150 + tax,French Quarter
2716,Good Shepherd Lutheran Church,2,6,,1,1,6,,,,,6,,Hotel location,$151-165 + tax,Downtown
7072,Good Shepherd Lutheran Church,7,8,,2,2,3,,1,,,6,,Hotel location,$166-185 + tax,French Quarter
10585,Good Shepherd Lutheran Church,5,7,,,2,3,,,,,6,,Hotel price,$140-150 + tax,Downtown
30005,Good Shepherd Lutheran Church,8,11,,2,,4,,,,,8,,Hotel location,$166-185 + tax,Superdome
2662,Good Shepherd Lutheran Church,14,13,,,3,4,,,,,8,3,Hotel location,$151-165 + tax,Superdome
16150,Good Shepherd Lutheran Church,13,12,,,2,4,,,,,9,1,Hotel location,$166-185 + tax,Convention Center
12576,Good Shepherd Lutheran Church,14,34,,,2,5,,,,2,17,,Hotel location,$151-165 + tax,Superdome
11465,Good Shepherd Lutheran Church,20,23,,1,1,13,,,3,,20,1,Hotel location,$151-165 + tax,Downtown
30870,GPS Faith Community,6,7,,,2,3,,,,,4,,Hotel location,$151-165 + tax,French Quarter
13121,Grace Evangelical Lutheran Church,,1,,,,1,,,,,,,,,
4138,Grace Evangelical Lutheran Church,2,2,,,1,3,,,,,2,3,Hotel location,$166-185 + tax,Downtown
4458,Grace Evangelical Lutheran Church,3,7,,,2,1,,,,,4,,Hotel price,$151-165 + tax,French Quarter
6781,Grace Lutheran Church,2,2,,,1,1,,,,,,,,,
12042,Grace Lutheran Church,11,14,,,2,3,,,,,,,,,
60305,Grace Lutheran Church,2,3,,,2,,,,,,,,,,
30401,Grace Lutheran Church,,2,,,,1,,,,,1,1,Accompaniment experience,$166-185 + tax,Downtown
14666,Grace Lutheran Church,3,,,,1,1,,,,,2,,Accompaniment experience,$151-165 + tax,Superdome
1512,Grace Lutheran Church,3,3,,,2,1,,,,,2,2,,,
848,Grace Lutheran Church,2,3,,,1,3,,,1,,2,2,Hotel location,$151-165 + tax,Superdome
6077,Grace Lutheran Church,3,3,,,2,1,,,,,3,,Accompaniment experience,$151-165 + tax,Downtown
10488,Grace Lutheran Church,2,2,,,,2,,,,,3,,Accompaniment experience,$151-165 + tax,Convention Center
10984,Grace Lutheran Church,4,5,,,1,4,,,,,3,,Accompaniment experience,$151-165 + tax,Downtown
11486,Grace Lutheran Church,6,3,,,2,1,,,,,3,,Accompaniment experience,,
14200,Grace Lutheran Church,,3,,1,,3,,,,,3,,Accompaniment experience,$151-165 + tax,Downtown
2116,Grace Lutheran Church,2,5,,,,2,,,,,3,,Hotel location,$166-185 + tax,Convention Center
14635,Grace Lutheran Church,,6,,,,2,,,,,3,,Hotel location,$151-165 + tax,French Quarter
14792,Grace Lutheran Church,2,2,,,,1,,,,,3,,Hotel location,$151-165 + tax,Superdome
2633,Grace Lutheran Church,3,2,,,1,2,,,,,3,2,Hotel location,$151-165 + tax,Downtown
4227,Grace Lutheran Church,4,4,,1,3,4,,,5,,3,4,Accompaniment experience,$166-185 + tax,Downtown
2950,Grace Lutheran Church,1,7,,,1,2,,,,,4,,Accompaniment experience,,
3120,Grace Lutheran Church,,5,,,1,1,,,,,4,,Accompaniment experience,$151-165 + tax,Downtown
10703,Grace Lutheran Church,1,3,,,1,1,,,,,4,,Hotel location,$166-185 + tax,Convention Center
13706,Grace Lutheran Church,4,6,,,2,1,,,,,4,,Hotel location,$166-185 + tax,Superdome
14245,Grace Lutheran Church,,5,,,,2,,,,,4,,Hotel location,$166-185 + tax,Downtown
2010,Grace Lutheran Church,5,3,,1,1,2,,,,,4,1,Hotel location,$166-185 + tax,French Quarter
5611,Grace Lutheran Church,4,4,,,1,3,,,,,4,3,Hotel location,$166-185 + tax,Downtown
13183,Grace Lutheran Church,8,4,,,3,4,,,,,4,3,Hotel location,$151-165 + tax,Convention Center
1159,Grace Lutheran Church,2,7,,,2,2,,,,,5,,Hotel location,$166-185 + tax,Downtown
6140,Grace Lutheran Church,5,2,,,2,2,,,,,5,,Hotel price,$166-185 + tax,Downtown
11707,Grace Lutheran Church,5,10,,,1,2,,,,,5,2,Hotel location,$151-165 + tax,Downtown
1243,Grace Lutheran Church,5,11,,,3,2,,,,,6,,Accompaniment experience,$166-185 + tax,Superdome
13919,Grace Lutheran Church,6,4,,2,3,1,,,,,6,1,Accompaniment experience,$151-165 + tax,Downtown
12131,Grace Lutheran Church,8,11,,,,2,,,,,6,1,Hotel location,$140-150 + tax,Downtown
11960,Grace Lutheran Church,6,8,,,1,3,,,,,6,2,Accompaniment experience,$166-185 + tax,Downtown
4729,Grace Lutheran Church,8,7,,,2,4,,,,,6,2,Hotel location,$166-185 + tax,Downtown
13737,Grace Lutheran Church,5,6,,,1,3,,,,,8,,Hotel location,$166-185 + tax,Superdome
3060,Grace Lutheran Church,5,14,,,2,5,,,,,8,1,,,
14575,Grace Lutheran Church,2,6,,1,1,3,,,,,11,,Hotel location,$151-165 + tax,Convention Center
1815,Grace Lutheran Church,12,14,,1,5,7,,,1,,13,,Accompaniment experience,$151-165 + tax,French Quarter
12351,Grafton Lutheran Church,6,11,,,2,5,,,,,,,,,
12077,Granite Falls Lutheran Church,,2,,,,1,,,,,,,,,
11770,Greenfield Lutheran Church,9,10,,,2,3,,,,,6,,Hotel location,$166-185 + tax,Downtown
11987,Grue Lutheran Church,,2,,,,2,,,4,,1,,Accompaniment experience,$151-165 + tax,French Quarter
14683,Halfway Creek Lutheran Church,,5,,,1,2,,,,,3,1,Hotel location,$166-185 + tax,Superdome
6504,Harrold Zion Lutheran Church,1,3,,,,3,,,,,3,1,Hotel location,$151-165 + tax,Downtown
14684,Holmen Lutheran Church,3,13,,,2,3,,,,,6,,Hotel location,$140-150 + tax,Superdome
7182,Holy Comforter Lutheran Church,,,,,,1,,,,,,,,,
4213,Holy Comforter Lutheran Church,2,3,,,2,1,,,,,2,2,Hotel price,$140-150 + tax,French Quarter
6690,Holy Communion Lutheran Church,4,4,,,1,1,,,,,4,,Hotel location,$166-185 + tax,French Quarter
5767,Holy Cross Lutheran Church,1,1,,,1,1,,,,,1,1,,,
3091,Holy Cross Lutheran Church,,3,,,,2,,,,,2,,Hotel location,,Downtown
7821,Holy Cross Lutheran Church,3,14,,,2,3,,,,,4,2,Hotel location,$151-165 + tax,Downtown
7569,Holy Cross Lutheran Church,5,5,,,2,1,,,,,5,,Hotel location,$151-165 + tax,Downtown
3309,Holy Cross Lutheran Church,6,5,,,1,1,,,,,5,1,Hotel location,$166-185 + tax,Downtown
10819,Holy Cross Lutheran Church,5,3,,,2,1,,,,,6,,Hotel price,$140-150 + tax,Downtown
7369,Holy Love Lutheran Church,1,2,,1,,2,,,,,2,1,,,
3024,Holy Nativity Lutheran Church,16,13,,1,2,6,,,,,11,3,Hotel location,$151-165 + tax,French Quarter
10142,Holy Shepherd Lutheran Church,2,1,,,1,1,,,,,,,,,
1160,Holy Spirit Lutheran Church,,4,,,1,1,,,,,2,1,Accompaniment experience,$166-185 + tax,Downtown
11276,Holy Spirit Lutheran Church,1,3,,,1,1,,,,,2,1,Accompaniment experience,$140-150 + tax,Downtown
4954,Holy Spirit Lutheran Church,8,12,,1,1,3,,,,,6,2,Hotel price,$140-150 + tax,Downtown
3961,Holy Trinity Evangelical Lutheran Church,,4,,,,1,,,,,,,,,
3724,Holy Trinity Lutheran Church,,1,,,,1,,,,2,1,,,,
4516,Holy Trinity Lutheran Church,1,1,,,1,1,,,,,1,1,Hotel location,$151-165 + tax,Superdome
6508,Holy Trinity Lutheran Church,,4,,,,1,,,,,1,1,Hotel location,$151-165 + tax,Downtown
1905,Holy Trinity Lutheran Church,1,3,,,1,1,,,,,1,3,Hotel location,$140-150 + tax,Convention Center
6033,Holy Trinity Lutheran Church,,3,,,,2,,,,,2,,Hotel location,$151-165 + tax,Convention Center
10401,Holy Trinity Lutheran Church,,4,,,1,2,,,7,,3,,Hotel location,$166-185 + tax,Downtown
6340,Holy Trinity Lutheran Church,1,3,,,1,2,,,,,3,1,Hotel location,$166-185 + tax,Downtown
1831,Holy Trinity Lutheran Church,2,6,,,,2,,,,,3,2,Hotel location,$166-185 + tax,French Quarter
5651,Holy Trinity Lutheran Church,2,2,,,,2,,,,,3,3,Hotel location,$151-165 + tax,Downtown
10838,Holy Trinity Lutheran Church,5,5,,1,2,3,,,,,3,3,Hotel location,$166-185 + tax,Downtown
5474,Holy Trinity Lutheran Church,5,5,,,1,1,,,,,4,,Hotel location,$166-185 + tax,French Quarter
5014,Holy Trinity Lutheran Church,6,,,,1,4,,,11,,4,,Hotel price,$151-165 + tax,Superdome
4103,Holy Trinity Lutheran Church,5,7,,,1,2,,,,,4,2,Hotel location,$166-185 + tax,Convention Center
4147,Holy Trinity Lutheran Church,3,6,,,2,1,,,,,6,,Hotel location,$166-185 + tax,Superdome
10931,Holy Trinity Lutheran Church,10,4,,,2,4,,,,,7,,Hotel location,$166-185 + tax,Downtown
13918,Hope Lutheran Church,,,,,2,,,,,,,,,,
14390,Hope Lutheran Church,,3,,,,2,,,,,2,,Hotel location,$166-185 + tax,Downtown
13808,Hope Lutheran Church,4,2,,,1,1,,,1,,2,1,Hotel location,$151-165 + tax,French Quarter
20120,Hope Lutheran Church,2,3,,,,1,,,,,3,,Accompaniment experience,$151-165 + tax,Downtown
13714,Hope Lutheran Church,7,5,,,,1,,,,,3,1,Hotel location,$166-185 + tax,Superdome
10507,Hope Lutheran Church,2,6,,,,3,,,,,4,,Hotel price,$151-165 + tax,French Quarter
4731,Hope Lutheran Church,4,8,,,1,3,,,3,,4,3,Hotel location,$166-185 + tax,Downtown
7386,Hope Lutheran Church,5,4,,,1,3,,,,,6,,Hotel location,$166-185 + tax,Superdome
11690,Hope Lutheran Church,16,23,,,2,7,,,,,12,1,Hotel price,$140-150 + tax,Superdome
7445,Hosanna Lutheran Church,1,2,,,,1,,,4,,,,,,
30411,Hosanna Lutheran Church,4,1,,,1,1,,,,,2,1,Accompaniment experience,$140-150 + tax,
16146,Hosanna Lutheran Church,2,3,,,1,1,,,,,2,2,Hotel location,$140-150 + tax,Superdome
16097,Hosanna Lutheran Church,3,8,,,1,2,,,,,5,,Hotel location,$166-185 + tax,Downtown
5185,House of Prayer Lutheran Church,,2,,,,2,,,,,,,,,
5401,House Of Prayer Lutheran Church,4,11,,,2,5,,,,,,,,,
5976,House Of Prayer Lutheran Church,5,5,,,2,1,,,,,5,1,Hotel location,$166-185 + tax,Downtown
30857,Humble Walk,4,3,,,,2,,,,,3,,Hotel location,$166-185 + tax,French Quarter
30531,Iglesia De La Santa Cruz,3,,,,,3,,,,,2,,Hotel price,$140-150 + tax,French Quarter
9,Iglesia Evangélica Luterana Getsemaní,1,7,,,,2,,,10,,3,,,,
7149,Iglesia Evangelica Luterana Reconciliación,2,1,,,,2,,,5,,,,,,
7,Iglesia Luterana Sión,1,2,,1,,3,,,7,,3,,Hotel price,$140-150 + tax,Downtown
14837,Immanuel Evangelical Lutheran Church,2,,,,,1,,,,,,,,,
11689,Immanuel Lutheran Church,1,1,,,,1,,,,,,,,,
12274,Immanuel Lutheran Church,,4,,,,1,,,,,1,1,Hotel location,$166-185 + tax,French Quarter
1583,Immanuel Lutheran Church,3,2,,,,2,,,,,1,2,Hotel location,$166-185 + tax,French Quarter
12980,Immanuel Lutheran Church,1,3,,1,1,1,,,4,3,2,1,Hotel price,$140-150 + tax,Superdome
1832,Immanuel Lutheran Church,4,,,,1,,,2,7,,2,2,Hotel price,$151-165 + tax,Superdome
16056,Immanuel Lutheran Church,3,5,,,1,1,,,,,3,,Accompaniment experience,$151-165 + tax,Superdome
11725,Immanuel Lutheran Church,1,6,,,2,2,,,,,3,1,Hotel location,$151-165 + tax,French Quarter
7799,Immanuel Lutheran Church,5,4,,,2,1,,,,,3,2,Hotel location,$151-165 + tax,Downtown
10896,Immanuel Lutheran Church,2,2,,,2,1,,,,,4,,Accompaniment experience,$151-165 + tax,Superdome
10962,Immanuel Lutheran Church,2,,,,2,1,,,,,4,,Accompaniment experience,$151-165 + tax,Superdome
12028,Immanuel Lutheran Church,2,6,,,1,3,,,,,4,,Accompaniment experience,$151-165 + tax,Downtown
14217,Immanuel Lutheran Church,5,7,,,1,3,,,,,4,1,Accompaniment experience,$151-165 + tax,Downtown
10775,Immanuel Lutheran Church,3,4,,,1,4,,,,,4,2,Hotel location,$166-185 + tax,Superdome
6806,Immanuel Lutheran Church,5,12,,,2,2,,,,,6,2,Hotel location,$166-185 + tax,Superdome
3287,Immanuel Lutheran Church,4,6,,,2,1,,,,,7,2,Accompaniment experience,$140-150 + tax,French Quarter
11923,Immanuel Lutheran Church,9,17,,,2,3,,1,,,10,1,Hotel location,$166-185 + tax,Superdome
14829,Immanuel Lutheran Church,14,26,,,5,20,,,,,12,11,Accompaniment experience,$166-185 + tax,Superdome
6893,Immanuel Lutheran Church,15,18,,,2,11,,,,,15,2,Hotel location,$151-165 + tax,Downtown
5601,Incarnation Lutheran Church,2,1,,1,,3,,1,,,4,,Hotel location,$151-165 + tax,Downtown
3093,Incarnation Lutheran Church,9,4,,,2,1,,,2,,5,2,,,
14647,Jefferson Prairie Lutheran Church,1,1,,,1,1,,,,,,,,,
30957,Journey Lutheran Church,,3,,,,2,,1,,,2,,Accompaniment experience,$166-185 + tax,Superdome
14526,Joy Lutheran Church,3,,,,1,1,,,,,2,,Hotel location,$151-165 + tax,Downtown
30418,Joy Lutheran Church,,,,,1,,,,,,5,,Hotel location,$151-165 + tax,Convention Center
10200,Joy Lutheran Church,7,8,,,1,1,,,,,8,2,Accompaniment experience,$166-185 + tax,Convention Center
30631,Joy Reigns Lutheran Church,7,3,,1,1,3,,,,,6,,Hotel location,$140-150 + tax,Superdome
30626,Kaw Prairie Community Church,13,12,,,3,3,,,,,8,,Hotel location,$151-165 + tax,Downtown
11491,Kenwood Lutheran Church,2,3,,,1,1,,,,,2,,Hotel price,$140-150 + tax,French Quarter
4199,Kimball Memorial Lutheran Church,7,7,,,1,1,,,1,,4,2,Accompaniment experience,$151-165 + tax,Convention Center
12403,Kindred Evangelical Lutheran Church,6,,,,1,1,,,,,2,2,Accompaniment experience,$166-185 + tax,Downtown
14106,King Of Glory Lutheran Church,8,5,,,3,2,,,,,4,5,Hotel location,$166-185 + tax,Downtown
16293,King Of Glory Lutheran Church,9,12,,,2,5,,,,,8,,Accompaniment experience,$166-185 + tax,Downtown
7622,King of Kings Lutheran Church,5,2,,,2,,,,,,,,,,
5507,King Of Kings Lutheran Church,1,3,,,1,1,,,,,1,1,Hotel location,$151-165 + tax,Convention Center
6165,King Of Kings Lutheran Church,3,6,,,1,2,,,,,5,,Hotel location,$151-165 + tax,Downtown
14157,Kinsmen Lutheran Church,3,6,,,1,1,,,,,4,1,Hotel location,$151-165 + tax,Downtown
3296,Kountze Memorial Lutheran Church,,4,,,,2,,,,,,,,,
14717,Lakeview Lutheran Church,4,2,,,1,1,,,,,1,3,Hotel location,$151-165 + tax,Downtown
11975,Lands Lutheran Church,1,6,,,,2,,,,,3,,Accompaniment experience,$151-165 + tax,Downtown
14685,Lewis Valley Lutheran Church,3,1,,,1,1,,,,,3,,Hotel location,$166-185 + tax,Convention Center
5095,Lihue Lutheran Church,1,2,,,2,1,,,,,1,2,Hotel price,$140-150 + tax,Convention Center
11702,Little Cedar Lutheran Church,5,7,,,2,2,,,,,4,2,Accompaniment experience,$151-165 + tax,Convention Center
7829,Living Springs Lutheran Church,7,6,,,2,2,,,6,,4,2,Hotel location,$151-165 + tax,Downtown
30373,Living Water Lutheran Church,2,1,,1,1,1,,,,,3,1,Hotel location,$166-185 + tax,French Quarter
30266,Living Waters Lutheran Church,3,3,,,2,1,,,,,3,,Hotel location,$151-165 + tax,Convention Center
30200,Living Waters Lutheran Church,5,2,,,2,2,,,,,3,2,Hotel location,$151-165 + tax,Downtown
7487,Living Word Lutheran Church,2,9,,1,1,2,,,,,,,,,
13229,Lord of Life Lutheran Church,,,,,,1,,,,,,,,,
7518,Lord Of Life Lutheran Church,2,1,,,1,1,,,,,2,2,Hotel location,$151-165 + tax,Superdome
12577,Lord Of Life Lutheran Church,,7,,,1,2,,,,,3,1,,,
7827,Lord Of Life Lutheran Church,3,9,,,2,2,,,,,6,,Hotel location,$151-165 + tax,Downtown
7539,Lord Of Life Lutheran Church,1,18,,,1,4,,,,,10,,Hotel location,$151-165 + tax,Downtown
10189,Lord Of Love Lutheran Church,3,3,,,,2,,,,,3,,Hotel location,$166-185 + tax,Convention Center
30319,Lord of the Hills Lutheran Church,1,3,,,1,1,,,,,4,,Hotel location,$151-165 + tax,Convention Center
16255,Lord Of The Seas Lutheran Church,2,,,,1,1,,,,,2,,Hotel location,$151-165 + tax,Convention Center
7763,Love Of Christ Lutheran Church,2,3,,,1,1,,,,,,,,,
14457,Luck Lutheran Church,8,7,,,1,3,,,,,7,1,Accompaniment experience,$151-165 + tax,French Quarter
9900,Luther Heights Bible Camp,12,9,,,1,3,,,,,2,2,Accompaniment experience,$140-150 + tax,Downtown
2114,Luther Memorial Lutheran Church,3,1,,,1,1,,,,,2,,Hotel price,$140-150 + tax,Downtown
6286,Luther Memorial Lutheran Church,4,4,,,2,4,,,,,2,3,Accompaniment experience,$166-185 + tax,Downtown
10237,Luther Memorial Lutheran Church,5,8,,1,1,3,,,,,5,,Accompaniment experience,$140-150 + tax,Downtown
5092,Lutheran Church Of Honolulu,5,5,,,2,3,,,,,3,4,Hotel location,$151-165 + tax,
10035,Lutheran Church Of Hope,4,2,,,,2,,,,,6,1,Hotel location,$151-165 + tax,Downtown
10712,Lutheran Church of Mahomet,1,5,,,2,1,,,,,4,,Hotel price,$151-165 + tax,Superdome
4110,Lutheran Church of Our Father,3,2,,,1,3,,,3,,3,1,Hotel location,$166-185 + tax,Superdome
7525,Lutheran Church Of Our Saviour,1,,,,,1,,,,,1,1,Accompaniment experience,$140-150 + tax,Downtown
14774,Lutheran Church Of Peace,1,2,,,,1,,,,,2,2,Hotel location,$166-185 + tax,French Quarter
20039,Lutheran Church Of The Atonement,2,4,,,1,2,,,9,,4,,Hotel location,$140-150 + tax,Downtown
16198,Lutheran Church Of The Cross,2,5,,,1,1,,,,,3,2,Hotel location,$140-150 + tax,Downtown
11591,Lutheran Church of the Good Shepherd,,4,,,,1,,,,,,,,,
12921,Lutheran Church Of The Good Shepherd,1,2,,,,,,1,,,2,1,Accompaniment experience,$151-165 + tax,French Quarter
880,Lutheran Church Of The Good Shepherd,3,2,,,,2,,,,,2,2,Hotel location,$140-150 + tax,Superdome
4676,Lutheran Church Of The Good Shepherd,5,6,,,1,3,,,,,3,3,Accompaniment experience,$151-165 + tax,Downtown
20155,Lutheran Church Of The Good Shepherd,5,3,,1,2,1,,,,,4,2,Hotel location,$151-165 + tax,Downtown
2914,Lutheran Church Of The Good Shepherd,8,5,,,1,3,,,,,7,,Accompaniment experience,$140-150 + tax,Downtown
373,Lutheran Church Of The Holy Spirit,6,6,,,1,2,,,,,,,,,
5195,Lutheran Church Of The Incarnation,4,3,,2,1,2,,,,,6,,Hotel location,$166-185 + tax,Downtown
2783,Lutheran Church of the Master,1,,,,1,1,,,,,1,3,Hotel location,$151-165 + tax,Superdome
4211,Lutheran Church Of The Nativity,5,4,,,,2,,,,,4,,Hotel location,$151-165 + tax,Downtown
4243,Lutheran Church Of The Redeemer,2,3,,,1,1,,,,,2,1,Hotel location,$151-165 + tax,Convention Center
5771,Lutheran Church of the Redeemer,8,4,,1,1,2,,,,1,3,3,Accompaniment experience,$140-150 + tax,Superdome
7161,Lutheran Church of the Redeemer,2,7,,,2,3,,,14,,4,2,Hotel price,$140-150 + tax,Convention Center
6036,Lutheran Church of the Redeemer,2,4,,,2,2,,,,,4,3,Hotel location,$166-185 + tax,Superdome
5748,Lutheran Church Of The Resurrection,,1,,,,1,,,,,2,,Hotel location,$151-165 + tax,Convention Center
14780,Lutheran Church Of The Resurrection,7,6,,,2,2,,,,,6,,Hotel location,$140-150 + tax,Superdome
3002,Lyndale Lutheran Church,1,4,,,1,1,,,,,3,,Accompaniment experience,,Superdome
31333,Madison Neighborhood Ministry,3,5,,,,1,,,,,,,,,
12278,Martin Lutheran Church,4,2,,,1,1,,,,,1,3,Hotel price,$140-150 + tax,Downtown
12147,Maynard Lutheran Church,,1,,,,2,,,,,2,,Hotel location,$140-150 + tax,Convention Center
14281,Memorial Lutheran Church,2,2,,,1,2,,,,,2,2,Hotel price,$140-150 + tax,Convention Center
1723,Memorial Lutheran Church,1,3,,,1,2,,,1,,4,1,Hotel location,$166-185 + tax,Downtown
2043,Messiah Lutheran Church,2,1,,,,1,,,,,,,,,
2962,Messiah Lutheran Church,5,,,,1,1,,,,,2,2,Accompaniment experience,,
7079,Messiah Lutheran Church,3,3,,,1,3,,,7,3,2,2,Accompaniment experience,$140-150 + tax,Superdome
14579,Messiah Lutheran Church,1,2,,,1,1,,,,,3,,Hotel location,$151-165 + tax,French Quarter
2431,Messiah Lutheran Church,,9,,,,3,,,,,4,,Hotel location,$166-185 + tax,Downtown
7236,Messiah Lutheran Church,5,4,,,1,2,,,,,4,3,Hotel location,$151-165 + tax,Superdome
30022,Messiah Lutheran Church,2,5,,,1,2,,,,,5,,Hotel location,$151-165 + tax,Superdome
1612,Messiah Lutheran Church,11,1,,,2,3,,,,,5,2,Accompaniment experience,$166-185 + tax,French Quarter
2234,Messiah Lutheran Church,4,10,,,2,3,,,,,7,,Accompaniment experience,$151-165 + tax,French Quarter
16110,Messiah Lutheran Church,4,4,,,2,2,,,,,8,,Hotel location,$140-150 + tax,Downtown
4926,Messiah Lutheran Church,9,8,,1,3,3,,,,,9,,Hotel location,$166-185 + tax,Downtown
14194,Midland Lutheran Church,3,1,,,2,1,,,,,3,,Hotel location,$166-185 + tax,Downtown
14718,Midvale Community Lutheran Church,8,7,,,2,2,,,,,7,3,Hotel location,$166-185 + tax,Downtown
31402,Milton Lutheran Church,2,2,,,2,1,,,,,2,2,Hotel location,$140-150 + tax,French Quarter
30933,Minnesota Swahili Christian Congregation,5,13,,,,5,,,23,,7,,Hotel location,$166-185 + tax,Downtown
31355,Mision Luterana Unidad De Berwyn,7,14,,,2,6,,,29,,,,,,
3298,Morning Star Lutheran Church,6,,,,1,,,,,,,,,,
2996,Mount Calvary Lutheran Church,15,,,,2,1,,,,,,,,,
11405,Mount Calvary Lutheran Church,,,,,,1,,,,,,,,,
11727,Mount Calvary Lutheran Church,5,7,,,1,2,,,,,4,2,Accompaniment experience,$151-165 + tax,Superdome
13985,Mount Carmel Lutheran Church,1,2,,,,2,,,,,3,,Accompaniment experience,$151-165 + tax,Downtown
14741,Mount Carmel Lutheran Church,,5,,,,2,,,,,4,1,Accompaniment experience,$140-150 + tax,French Quarter
5091,Mount Cross Lutheran Church,3,7,,1,2,3,,,,,6,,Hotel location,$151-165 + tax,Superdome
4995,Mount Of Olives Lutheran Church,1,2,,,,1,,,4,,,,,,
3004,Mount Olivet Lutheran Church,9,20,,,3,4,,,,,13,,Hotel location,$140-150 + tax,Convention Center
6738,Mount Zion Lutheran Church,,,,,1,,,,,,,,,,
7355,Nativity Lutheran Church,,2,,,,2,,,,,1,2,Hotel location,$166-185 + tax,Downtown
3029,Nativity Lutheran Church,8,11,,,,1,,,,,8,,Hotel location,$140-150 + tax,Downtown
13570,New Helgen Lutheran Church,3,5,,,,3,,,,,3,1,Hotel location,$166-185 + tax,Superdome
14623,New Hope Lutheran,3,4,,,1,1,,,,,2,,Accompaniment experience,$151-165 + tax,French Quarter
14384,New Hope Lutheran Church,1,3,,,1,2,,,,,,,,,
7723,New Hope Lutheran Church,3,,,,1,1,,,,,3,,Hotel location,$151-165 + tax,French Quarter
30485,New Joy Lutheran Church,3,6,,,1,2,,,,,,,,,
14216,New Life Lutheran Church,4,2,,,1,1,,,,,3,,Hotel location,$151-165 + tax,Downtown
30299,New Promise Lutheran Church,4,3,,1,1,2,,,,,4,,Hotel location,$151-165 + tax,Downtown
14835,Norway Evangelical Lutheran Church,1,4,,,1,2,,,,,4,,Accompaniment experience,$166-185 + tax,French Quarter
11847,Oak Knoll Lutheran Church,5,4,,,1,2,,,,,5,,Accompaniment experience,$140-150 + tax,Superdome
12750,Oak Valley Lutheran Church,11,9,,,2,2,,,,,7,,Hotel location,$151-165 + tax,Superdome
10425,Old St Paul Lutheran Church,2,1,,,1,,,,,,,3,Hotel location,$166-185 + tax,French Quarter
4719,Olivet Lutheran Church,1,7,,,,3,,,,,2,2,Hotel location,$166-185 + tax,Downtown
14143,Oslo Lutheran Church,2,4,,,1,2,,,,,,,,,
3064,Our Redeemer Lutheran Church,1,4,,,,2,,,,,2,1,Hotel price,$140-150 + tax,Downtown
20219,Our Redeemer Lutheran Church,7,2,,,2,1,,,,,4,1,Hotel location,$166-185 + tax,Downtown
12001,Our Redeemer Lutheran Church,6,7,,,2,3,,,,,6,,Hotel location,$151-165 + tax,Downtown
12383,Our Savior Lutheran Church,23,24,,,2,3,,,,,,,,,
14820,Our Savior Lutheran Church,4,,,,1,1,,,4,,,,,,
14843,Our Savior Lutheran Church,2,1,,,2,1,,,,,,,Accompaniment experience,,
13567,Our Savior Lutheran Church,,3,,,,1,,,,,1,1,Hotel location,$151-165 + tax,Downtown
5900,Our Savior Lutheran Church,2,2,,,1,1,,,,,2,,Hotel location,$166-185 + tax,Downtown
14701,Our Savior Lutheran Church,1,,,1,1,1,,,,,2,,Hotel location,$166-185 + tax,French Quarter
14308,Our Savior Lutheran Church,2,3,,,,2,,,,,2,1,Hotel location,$166-185 + tax,Downtown
12850,Our Savior Lutheran Church,3,3,,1,2,1,,,,,2,2,Accompaniment experience,$140-150 + tax,Downtown
10374,Our Savior Lutheran Church,1,2,,,2,2,,,,,2,2,Hotel location,$166-185 + tax,French Quarter
12296,Our Savior Lutheran Church,3,2,,,,2,,,,,3,,Hotel location,$151-165 + tax,Downtown
14616,Our Savior Lutheran Church,2,4,,,1,2,,,,,3,,Hotel location,$166-185 + tax,French Quarter
13742,Our Savior Lutheran Church,8,4,,,1,1,,,,,3,1,Hotel location,$151-165 + tax,Convention Center
11440,Our Savior Lutheran Church,5,6,,,1,2,,,,,3,2,Hotel location,$151-165 + tax,Downtown
14680,Our Savior Lutheran Church,2,6,,,1,3,,,,,3,3,Accompaniment experience,$166-185 + tax,Convention Center
12420,Our Savior Lutheran Church,2,8,,,1,3,,,,,5,,Hotel location,$140-150 + tax,French Quarter
12157,Our Savior Lutheran Church,6,12,,,2,4,,,,,5,4,Accompaniment experience,$151-165 + tax,Downtown
11905,Our Savior Lutheran Church,1,10,,,1,3,,,,,6,,Hotel location,$140-150 + tax,Downtown
11890,Our Savior Lutheran Church,8,11,,,2,3,,,,,7,,Hotel location,$151-165 + tax,Downtown
11756,Our Savior Lutheran Church,2,14,,1,,3,,,,,8,,Hotel price,$151-165 + tax,Downtown
12170,Our Savior Lutheran Church,8,15,,,1,4,,,,,9,,Hotel location,$166-185 + tax,Convention Center
14474,Our Saviors Lutheran Church,4,6,,,1,2,,,,,3,2,Hotel location,$151-165 + tax,Convention Center
13740,Our Savior's Lutheran Church,1,3,,,,2,,,,,2,,Hotel location,$166-185 + tax,Downtown
11950,Our Savior's Lutheran Church,3,3,,,,2,,,,,2,2,Accompaniment experience,$151-165 + tax,Downtown
14436,Our Savior's Lutheran Church,3,2,,,1,2,,,,,2,2,Hotel location,$166-185 + tax,Downtown
11121,Our Savior's Lutheran Church,2,1,,,2,1,,,,2,3,,Accompaniment experience,$151-165 + tax,Superdome
11621,Our Savior's Lutheran Church,2,5,,,1,2,,,,,3,,Hotel location,$140-150 + tax,Downtown
11712,Our Savior's Lutheran Church,1,6,,,1,2,,,,,3,1,Hotel price,$151-165 + tax,Convention Center
13721,Our Savior's Lutheran Church,3,6,,,,2,,,,,4,,Hotel location,$166-185 + tax,Superdome
14491,Our Savior's Lutheran Church,3,9,,,2,5,,,,,6,,Accompaniment experience,$166-185 + tax,Downtown
10778,Our Savior's Lutheran Church,6,5,,,2,2,,,,,6,,Hotel location,$151-165 + tax,Downtown
11593,Our Savior's Lutheran Church,3,13,,,1,3,,,,,6,1,Accompaniment experience,$166-185 + tax,French Quarter
11733,Our Savior's Lutheran Church Of Circle Pines,6,14,,,4,,,,,,6,1,Hotel price,$140-150 + tax,Downtown
5486,Our Saviour Lutheran Church,3,5,,,1,1,,,,,,,,,
7690,Our Saviour Lutheran Church,,,,2,,2,,,,,,,,,
3037,Our Saviour Lutheran Church,,9,,,,4,,,,,3,,Hotel location,$151-165 + tax,Downtown
10997,Our Saviour Lutheran Church,2,5,,,1,2,,,,,3,2,Accompaniment experience,$151-165 + tax,Superdome
6040,Our Saviour Lutheran Church,1,3,,1,,2,,,,,4,,Hotel location,$151-165 + tax,Superdome
12024,Our Saviour Lutheran Church,3,10,,,,4,,,,,5,,Hotel location,$151-165 + tax,French Quarter
1850,Our Saviour Lutheran Church,8,8,,,2,3,,,3,,7,,Hotel price,$140-150 + tax,Superdome
10158,Our Saviour’s Lutheran Church ,2,,,,,1,,,,,3,,Accompaniment experience,$140-150 + tax,Convention Center
4996,Our Saviour's Evangelical Lutheran Church,,3,,,2,1,,,5,,,,,,
11851,Our Saviour's Lutheran Church,1,3,,,1,2,,,7,,1,1,,,
6745,Our Saviour's Lutheran Church,3,1,,,,2,,,,,2,1,,,
14094,Our Saviour's Lutheran Church,2,6,,,,2,,,,,2,2,Accompaniment experience,$151-165 + tax,French Quarter
14359,Our Saviour's Lutheran Church,3,1,,,1,1,,,,,2,2,Accompaniment experience,$151-165 + tax,Superdome
13363,Our Saviour's Lutheran Church,1,4,,,1,2,,,,,3,,Accompaniment experience,$166-185 + tax,Convention Center
12481,Our Saviour's Lutheran Church,5,5,,,1,4,,,,,3,3,Accompaniment experience,$151-165 + tax,Superdome
5905,Palm Valley Lutheran Church,2,3,,,1,1,,,,,2,2,Hotel price,$151-165 + tax,Downtown
7514,Peace Evangelical Lutheran Church,7,3,,,2,1,,,,,3,2,Accompaniment experience,$151-165 + tax,Superdome
12792,Peace First Lutheran Church,2,2,,1,1,1,,,,,4,,Hotel location,$151-165 + tax,Superdome
13058,Peace Lutheran Church,,1,,,,2,,,,,1,,Hotel location,$166-185 + tax,Superdome
16215,Peace Lutheran Church,,2,,,,1,,,,,1,,Hotel price,$140-150 + tax,Superdome
16445,Peace Lutheran Church,4,4,,,1,1,,,,,2,2,Accompaniment experience,$151-165 + tax,Downtown
16183,Peace Lutheran Church,,7,,,,2,,,,,3,,Accompaniment experience,$151-165 + tax,French Quarter
7169,Peace Lutheran Church,2,,,,1,1,,,,,3,,Hotel location,$151-165 + tax,Superdome
16069,Peace Lutheran Church,2,3,,,1,3,,,,,3,2,Hotel location,$140-150 + tax,Downtown
14309,Peace Lutheran Church,3,3,,,,3,,,,,3,2,Hotel price,$140-150 + tax,Convention Center
7841,Peace Lutheran Church,2,3,,,1,2,,,,,3,5,Hotel location,$151-165 + tax,Superdome
12929,Peace Lutheran Church,2,3,,,1,2,,,,,4,1,Hotel location,$151-165 + tax,Downtown
1645,Peace Lutheran Church,8,1,,,1,3,,,,,4,2,Accompaniment experience,$151-165 + tax,Downtown
13159,Peace Lutheran Church,3,6,,1,3,5,,,2,6,5,,Accompaniment experience,$151-165 + tax,Convention Center
14508,Peace Lutheran Church,3,4,,,1,2,,,,,5,,Hotel location,,Downtown
16098,Peace Lutheran Church,12,14,,,1,3,,,,,8,2,Hotel location,$151-165 + tax,Downtown
13704,Peace Lutheran Church,30,56,,1,4,10,,2,,2,30,4,Hotel location,$166-185 + tax,Downtown
30221,People Of Hope,2,3,,2,2,2,,,,2,3,1,Hotel location,$166-185 + tax,Downtown
12983,Phinney Ridge Lutheran Church,4,2,,,1,1,,,,,2,2,Hotel location,$140-150 + tax,Downtown
20081,Pilgrim Lutheran Church,,,,,1,,,,,,,,,,
20050,Pilgrim Lutheran Church,3,3,,,1,,,,7,,1,2,Hotel location,$140-150 + tax,Superdome
6853,Pioneer Lake Lutheran Church,1,2,,,1,1,,,,,3,,Hotel location,$151-165 + tax,Downtown
5713,Pisgah Lutheran Church,3,7,,,1,3,,,,,4,2,Hotel price,$151-165 + tax,Downtown
31281,Pointe Of Grace,4,2,,,,2,,,8,,1,2,Hotel price,$140-150 + tax,Convention Center
16304,Prairie Lutheran Church,,4,,,,1,,,,,2,,Hotel location,$151-165 + tax,French Quarter
888,Prince Of Peace Lutheran Church,,1,,1,,2,,,,,,,,,
7190,Prince Of Peace Lutheran Church,1,,,,,1,,,,2,1,,,,
11296,Prince Of Peace Lutheran Church,2,3,,,2,1,,,,,2,2,Hotel location,$166-185 + tax,French Quarter
10781,Prince of Peace Lutheran Church,3,4,,1,2,3,,,,,2,3,Hotel location,$151-165 + tax,Superdome
16037,Prince of Peace Lutheran Church,3,5,,,,3,,,,,3,,Accompaniment experience,,Downtown
11929,Prince Of Peace Lutheran Church,3,5,,,,2,,,,,4,,Accompaniment experience,$151-165 + tax,French Quarter
4506,Prince of Peace Lutheran Church,2,1,,,1,2,,,,,4,2,Hotel location,$140-150 + tax,Downtown
7725,Prince Of Peace Lutheran Church,7,7,,,1,2,,,,,4,2,Hotel price,$151-165 + tax,Downtown
3757,Prince Of Peace Lutheran Church,2,6,,,1,4,,,,3,5,,Accompaniment experience,$166-185 + tax,Downtown
11298,Prince Of Peace Lutheran Church,3,4,,1,2,2,,,,,5,,Hotel location,$166-185 + tax,Downtown
4689,Prince Of Peace Lutheran Church,11,17,,,2,6,,,,,10,5,Hotel location,$166-185 + tax,Downtown
11292,Providence Lutheran Church,4,2,,,,2,,,,,,,,,
5730,Redeemer Lutheran Church,2,6,,,2,3,,,,13,,,,,
11203,Redeemer Lutheran Church,4,2,,,1,2,,,,,,,,,
3789,Redeemer Lutheran Church,1,2,,,1,2,,,,,2,,Hotel location,$166-185 + tax,Downtown
20060,Redeemer Lutheran Church,1,3,,,1,1,,,,,2,2,Accompaniment experience,$151-165 + tax,French Quarter
10520,Redeemer Lutheran Church,3,5,,,1,2,,,,,2,2,Hotel location,$166-185 + tax,Downtown
13139,Redeemer Lutheran Church,3,2,,,1,1,,,,,2,2,Hotel location,$140-150 + tax,Downtown
13397,Redeemer Lutheran Church,3,4,,,1,2,,,,,2,2,Hotel location,$166-185 + tax,Convention Center
11001,Redeemer Lutheran Church,1,4,,1,,2,,,,,4,,Accompaniment experience,$151-165 + tax,Superdome
6926,Redeemer Lutheran Church,4,6,,,2,2,,,,,4,2,Accompaniment experience,$151-165 + tax,Downtown
11970,Redeemer Lutheran Church,3,9,,,1,3,,,,,5,,,,
5623,Redeemer Lutheran Church,5,11,,,1,3,,,,,5,2,Accompaniment experience,$151-165 + tax,Downtown
2494,Redeemer Lutheran Church,6,9,,,,3,,,,,7,1,Hotel location,$151-165 + tax,Downtown
452,Reformation Evangelical Lutheran Church,4,2,,,,1,,,,,2,2,Hotel price,$140-150 + tax,Downtown
1659,Reformation Lutheran Church,3,2,,,1,2,,,,,,,,,
781,Reformation Lutheran Church,,5,,,1,1,,,,,1,2,Accompaniment experience,$151-165 + tax,Convention Center
6122,Reformation Lutheran Church,2,5,,,2,2,,,,,5,,Accompaniment experience,$166-185 + tax,Downtown
3294,Rejoice Lutheran Church,3,2,,,3,2,,,,,,,,,
30352,Rejoice Lutheran Church,3,2,,,2,1,,,,,4,,Hotel location,$166-185 + tax,Superdome
30083,Rejoice Lutheran Church,7,7,,,1,1,,,,,4,2,Accompaniment experience,$166-185 + tax,Superdome
3839,Resurrection Lutheran Church,,,,,,1,,,1,,,,,,
10254,Resurrection Lutheran Church,1,2,,,1,1,,,,,1,3,Hotel price,$151-165 + tax,Downtown
1649,Resurrection Lutheran Church,2,3,,,1,1,,,,,2,,Hotel location,$166-185 + tax,Downtown
2235,Resurrection Lutheran Church,4,,,,1,2,,,,,3,1,Hotel location,$151-165 + tax,French Quarter
7722,Resurrection Lutheran Church,4,6,,,1,2,,,,,3,2,Hotel location,$166-185 + tax,French Quarter
7379,Resurrection Lutheran Church,5,6,,,1,1,,,,,4,1,Accompaniment experience,$151-165 + tax,Superdome
7796,Resurrection Lutheran Church,2,2,,,2,2,,,,,6,,Accompaniment experience,$151-165 + tax,French Quarter
4001,Resurrection Lutheran Church,6,2,,,,6,,,,4,6,1,Hotel location,$151-165 + tax,French Quarter
4680,Resurrection Lutheran Church,,11,,,1,3,,,,,7,,Hotel location,$151-165 + tax,Downtown
12529,Richland Lutheran Church,5,10,,1,,4,,,,,5,2,Hotel price,$140-150 + tax,Downtown
30987,River of Grace Lutheran Church,2,3,,,,2,,,,,4,,Hotel location,$166-185 + tax,Downtown
30914,River of Hope Lutheran Church,,,,1,2,,,,,,,,,,
2683,Salem Evangelical Lutheran Church,4,3,,,1,2,,,,,4,,Hotel location,$151-165 + tax,French Quarter
6007,Salem Evangelical Lutheran Church,4,3,,,2,1,,,,,5,,Hotel location,$151-165 + tax,French Quarter
2082,Salem Lutheran Church,2,2,,,,2,,,,,,,Hotel location,$151-165 + tax,Downtown
1668,Salem Lutheran Church,2,,,,1,1,,,,,1,1,Hotel location,$166-185 + tax,Downtown
3046,Salem Lutheran Church,,3,,,,3,,,,,2,,Hotel price,$140-150 + tax,Superdome
1977,Salem Lutheran Church,2,2,,,,2,,,,,3,,Accompaniment experience,$140-150 + tax,Downtown
10145,Salem Lutheran Church,3,3,,,,1,,,,,3,,Hotel location,$151-165 + tax,Downtown
11560,Salem Lutheran Church,3,2,,,1,2,,,,,4,,Hotel location,$151-165 + tax,Downtown
16121,Sammamish Hills Lutheran Church,2,2,,,,2,,,,,2,,Hotel location,$151-165 + tax,French Quarter
30826,San Gabriel Lutheran Church,5,13,,,1,4,,,23,,5,2,Hotel price,$140-150 + tax,Downtown
2843,Saron Lutheran Church,1,3,,,1,2,,,,,3,,Hotel location,$151-165 + tax,Superdome
30486,Seeds of Faith Lutheran Church,2,2,,,,2,,,,,4,3,Hotel location,$140-150 + tax,French Quarter
16138,Shalom Lutheran Church,,,,,,1,,,,,,,,,
12357,Sharon Lutheran Church,2,9,,,2,2,,,,,6,,Hotel location,$166-185 + tax,Superdome
90129,Shekinah Chapel,5,5,,,,1,,,11,,3,2,Hotel price,$140-150 + tax,Downtown
7517,Shepherd Of Life Lutheran Church,7,1,,1,2,1,,,,,4,,Hotel location,$166-185 + tax,Downtown
14404,Shepherd Of The Bay Lutheran Church,1,2,,,1,2,,,,,3,1,Hotel price,$140-150 + tax,Superdome
4986,Shepherd of the Hills Evangelical Lutheran Church,2,5,,,1,2,,,,,3,,Hotel location,$140-150 + tax,Superdome
16181,Shepherd Of The Hills Lutheran Church,4,1,,,1,1,,,,,,,,,
609,Shepherd Of The Hills Lutheran Church,3,2,,,2,1,,,,,3,,Accompaniment experience,$166-185 + tax,Downtown
3107,Shepherd Of The Hills Lutheran Church,1,4,,,,2,,,,,4,,Hotel location,$140-150 + tax,Superdome
16084,Shepherd Of The Hills Lutheran Church,3,12,,,1,3,,,,,4,,Hotel location,$151-165 + tax,Superdome
10717,Shepherd Of The Hills Lutheran Church,4,5,,,1,3,,,,,4,1,Hotel location,$166-185 + tax,French Quarter
7485,Shepherd Of The Hills Lutheran Church,8,10,,1,2,3,,,,,6,1,Hotel price,$140-150 + tax,Convention Center
30506,Shepherd of the Prairie Lutheran Church,1,1,,,1,1,,,,,,,,,
7420,Shepherd Of The Sea Lutheran Church,5,1,,,2,1,,,,,2,1,Hotel price,$140-150 + tax,Convention Center
5193,Shepherd Of The Valley Lutheran Church,,,,,1,,,,,,,,,,
13997,Shepherd Of The Valley Lutheran Church,1,2,,,1,1,,,,,,,,,
10153,Sheridan Lutheran Church,20,32,,,5,8,,,,,19,2,Hotel location,$166-185 + tax,Convention Center
14004,Sierra Evangelical Lutheran Church,2,2,,1,1,1,,,,,3,1,Hotel location,$166-185 + tax,Downtown
1260,Simeon United Lutheran Church Of Gratz,3,2,,,1,2,,,,,1,3,Hotel location,$166-185 + tax,French Quarter
3318,Sinai Lutheran Church,1,1,,,1,1,,,,,1,2,Hotel location,$166-185 + tax,Convention Center
13678,South Canyon Lutheran Church,7,6,,,2,2,,,,,,,,,
31154,Spirit Lutheran,3,3,,,1,2,,,,,4,,Hotel price,$151-165 + tax,French Quarter
30376,Spirit Of Joy Lutheran Church,,2,,,1,2,,,,,1,1,Hotel location,$151-165 + tax,Downtown
30937,Spirit Of Joy Lutheran Church,6,3,,,2,2,,,,,4,,Hotel location,$140-150 + tax,Superdome
684,St Andrew Lutheran Church,,2,,,1,2,,,,,,4,Hotel location,$166-185 + tax,French Quarter
10834,St Andrew Lutheran Church,1,,,,1,,,,,,1,,Hotel location,$166-185 + tax,Downtown
3273,St Andrew Lutheran Church,,4,,,,2,,,,,2,,Hotel location,$151-165 + tax,Convention Center
16120,St Andrew Lutheran Church,,2,,,1,1,,,,,2,2,Hotel location,$151-165 + tax,Downtown
7428,St Andrew Lutheran Church,1,3,,,,2,,,,,3,,Hotel location,$166-185 + tax,Downtown
13039,St Andrew Lutheran Church,2,1,,,2,2,,,,,3,,Hotel location,$151-165 + tax,Superdome
827,St Andrew Lutheran Church,4,8,,,1,2,,,,,5,1,Hotel location,$151-165 + tax,French Quarter
7406,St Andrew Lutheran Church,8,11,,,2,3,,,,,7,,Hotel location,$166-185 + tax,French Quarter
16312,St Andrew's Lutheran Church,1,3,,,1,1,,,,,2,,Accompaniment experience,$151-165 + tax,Superdome
5604,St Andrew's Lutheran Church,1,1,,,1,1,,,,,2,1,Hotel location,$166-185 + tax,Superdome
13971,St Andrew's Lutheran Church,5,6,,,2,1,,,1,,5,1,Hotel location,$140-150 + tax,Convention Center
5619,St David Lutheran Church,3,7,,,1,1,,,,,5,,Hotel location,$151-165 + tax,Convention Center
13055,St Jacob Lutheran Church,,3,,,,2,,,,,1,1,Accompaniment experience,$140-150 + tax,Downtown
4470,St Jacob Lutheran Church,,3,,1,,2,,,,,2,,Hotel price,$140-150 + tax,Downtown
2477,St James Lutheran Church,5,5,,,,2,,,,,,,,,
11857,St James Lutheran Church,1,3,,,1,1,,,,,2,1,Hotel location,$166-185 + tax,Superdome
4079,St James Lutheran Church,1,3,,,1,1,,,,,2,2,Hotel location,$166-185 + tax,Downtown
13705,St John American Lutheran Church,,4,,1,,2,,,1,,,,,,
10870,St John American Lutheran Church,4,5,,1,2,1,,,,,5,2,Accompaniment experience,$140-150 + tax,Downtown
1442,St John Evangelical Lutheran Church,2,1,,,2,3,,,,,,,,,
11331,St John Evangelical Lutheran Church,,1,,,1,2,,,,,,,,,
670,St John Lutheran Church,3,2,,,1,2,,,1,,,,,,
2118,St John Lutheran Church,8,7,,,,2,,,,,,,,,
10022,St John Lutheran Church,1,3,,,1,2,,,,,,,,,
13093,St John Lutheran Church,,,,,,1,,,,,,,,,
13558,St John Lutheran Church,1,3,,,2,1,,,,,,,,,
14347,St John Lutheran Church,2,5,,,,1,,,,,,,,,
2564,St John Lutheran Church,1,,,,1,1,,,,,1,,,,
6298,St John Lutheran Church,2,3,,,1,1,,,,,1,2,Hotel price,$140-150 + tax,Superdome
1004,St John Lutheran Church,1,2,,,1,1,,,,,2,,Hotel location,$151-165 + tax,Superdome
2479,St John Lutheran Church,4,2,,,,2,,,,,2,,Hotel location,$151-165 + tax,Downtown
12143,St John Lutheran Church,3,2,,,1,1,,,,,2,,Hotel location,$151-165 + tax,French Quarter
5136,St John Lutheran Church,,5,,,1,2,,,,,2,2,Hotel location,$166-185 + tax,French Quarter
4772,St John Lutheran Church,1,2,,,1,2,,,,,2,2,Hotel price,$151-165 + tax,Downtown
11183,St John Lutheran Church,6,2,,,2,2,,,,,2,3,Hotel location,$151-165 + tax,Downtown
4744,St John Lutheran Church,2,3,,,,3,,,,,3,,Accompaniment experience,$166-185 + tax,French Quarter
1509,St John Lutheran Church,5,1,,,1,2,,,,,3,,Hotel location,$151-165 + tax,Downtown
4672,St John Lutheran Church,2,2,,,1,,,,,,3,1,Accompaniment experience,$166-185 + tax,Convention Center
1078,St John Lutheran Church,2,7,,,1,3,,,,,3,2,Accompaniment experience,$166-185 + tax,Downtown
14433,St John Lutheran Church,3,8,,,1,1,,,,,3,2,Hotel location,$166-185 + tax,Downtown
5279,St John Lutheran Church,1,9,,,1,1,,,,,3,3,Hotel location,$166-185 + tax,Convention Center
14591,St John Lutheran Church,4,6,,,,3,,,,,4,,Accompaniment experience,$151-165 + tax,Superdome
14069,St John Lutheran Church,5,6,,,2,1,,,,,4,,Hotel location,$140-150 + tax,French Quarter
14392,St John Lutheran Church,2,2,,,1,1,,,,,4,,Hotel location,$166-185 + tax,Downtown
2462,St John Lutheran Church,3,5,,,2,2,,,,2,4,2,Accompaniment experience,$151-165 + tax,Superdome
11234,St John Lutheran Church,6,7,,,2,3,,,,,4,3,Hotel location,$151-165 + tax,Downtown
3288,St John Lutheran Church,3,6,,,1,2,,,,,5,,Hotel location,$166-185 + tax,Superdome
626,St John Lutheran Church,3,8,,,1,4,,,,,5,1,Hotel location,$166-185 + tax,French Quarter
2471,St John Lutheran Church,3,6,,,2,2,,,,,5,1,Hotel price,$151-165 + tax,Downtown
12395,St John Lutheran Church,7,9,,,,2,,,,2,5,2,Accompaniment experience,$151-165 + tax,Downtown
3183,St John Lutheran Church,8,16,,,2,4,,,,,6,6,Hotel location,$151-165 + tax,Convention Center
11412,St John Lutheran Church,1,9,,,4,3,,,,,7,,Accompaniment experience,$151-165 + tax,Downtown
1969,St John Lutheran Church,3,8,,1,5,3,,,,,8,,Hotel location,$166-185 + tax,Downtown
11160,St John Lutheran Church,12,9,,,2,7,,,,,12,,Hotel location,$151-165 + tax,French Quarter
13069,St John's Evangelical Lutheran Church,3,2,,,1,1,,,,,,,,,
14777,St John's Evangelical Lutheran Church,3,3,,,1,2,,,,,2,2,Hotel location,$166-185 + tax,Convention Center
13279,St John's Lutheran Church,,,,,,1,,,,,,,,,
2061,St John's Lutheran Church,3,,,,1,1,,,4,,1,1,Accompaniment experience,$166-185 + tax,French Quarter
7038,St John's Lutheran Church,3,1,,,,1,,,,,2,1,,,
5664,St John's Lutheran Church,1,3,,,1,2,,,,,2,3,Hotel location,$166-185 + tax,French Quarter
10460,St John's Lutheran Church,2,4,,,,2,,,,,3,,Hotel location,$151-165 + tax,Downtown
3471,St John's Lutheran Church,1,3,,,1,1,,,1,,4,,Hotel location,$151-165 + tax,Convention Center
4066,St John's Lutheran Church,5,7,,,2,2,,,,,4,2,Hotel price,$166-185 + tax,Superdome
14770,St John's Lutheran Church,4,5,,1,1,1,,,,,5,2,Hotel location,$166-185 + tax,French Quarter
14839,St John's Lutheran Church,1,5,,1,1,2,,,,,6,,Hotel location,$151-165 + tax,French Quarter
14668,St John's Lutheran Church,10,8,,,2,2,,,,,7,,Hotel location,$166-185 + tax,Superdome
4846,St John's Lutheran Church,4,10,,,1,6,,,1,,7,3,Hotel price,$151-165 + tax,Downtown
7389,St John-St Matthew-Emanuel Lutheran Church,7,2,,2,2,1,,,,,3,3,Hotel price,$140-150 + tax,Superdome
406,St Luke Lutheran Church,3,,,,1,,,,,,,,,,
14678,St Luke Lutheran Church,2,4,,,,2,,,,,,,,,
5950,St Luke Lutheran Church,3,3,,,1,2,,,,,1,3,Hotel location,$166-185 + tax,Superdome
16248,St Luke Lutheran Church,1,1,,,1,1,,,,,2,1,Hotel location,$166-185 + tax,Downtown
7537,St Luke Lutheran Church,3,4,,,1,3,,,,,3,1,Hotel location,$166-185 + tax,Superdome
7688,St Luke Lutheran Church,1,2,,,1,3,,,,,3,2,Hotel price,$166-185 + tax,French Quarter
12776,St Luke Lutheran Church,3,5,,,2,2,,,,,3,3,Hotel price,$140-150 + tax,Convention Center
3509,St Luke Lutheran Church,6,1,,,,2,,,,,4,,Hotel location,$151-165 + tax,Convention Center
5622,St Luke Lutheran Church,3,1,,,,1,,,,,4,,Hotel location,$166-185 + tax,Superdome
12943,St Luke Lutheran Church,4,5,,,,3,,,4,2,4,2,Hotel location,$166-185 + tax,Downtown
5691,St Luke Lutheran Church,3,6,,,2,2,,,,,5,,Hotel location,$166-185 + tax,Downtown
14729,St Luke's Lutheran Church,,,,,,1,,,,,,,,,
11392,St Luke's Lutheran Church,2,2,,,1,1,,,,,2,1,Hotel location,$166-185 + tax,Convention Center
6711,St Luke's Lutheran Church,5,5,,,2,2,,,,,6,,Hotel location,$166-185 + tax,Superdome
20042,St Mark Lutheran Church,,2,,,,1,,,,,1,1,Accompaniment experience,$166-185 + tax,Downtown
5024,St Mark Lutheran Church,,2,,,1,2,,,5,,2,,Hotel price,$140-150 + tax,French Quarter
5816,St Mark Lutheran Church,1,3,,,1,1,,,,,2,1,Hotel location,$151-165 + tax,Downtown
11393,St Mark Lutheran Church,2,2,,,1,2,,,,,3,1,Hotel location,$151-165 + tax,Convention Center
2524,St Mark Lutheran Church,6,,,1,1,3,,,,,3,2,Accompaniment experience,$151-165 + tax,Superdome
1108,St Mark Lutheran Church,3,1,,,2,2,,,,,4,,Accompaniment experience,$151-165 + tax,Downtown
4741,St Mark Lutheran Church,3,3,,,,2,,,,,4,,Hotel location,$140-150 + tax,Superdome
727,St Mark Lutheran Church,4,3,,,1,3,,,11,,5,,Accompaniment experience,$151-165 + tax,Downtown
2000,St Mark Lutheran Church,6,8,,2,,4,,,,,6,,Hotel location,$151-165 + tax,Downtown
1935,St Mark Lutheran Church,12,6,,,1,3,,,20,2,6,1,Hotel location,$140-150 + tax,
10571,St Mark Lutheran Church,9,9,,,1,2,,,,,7,,Hotel location,$151-165 + tax,Superdome
4053,St Mark Lutheran Church,6,8,,,2,2,,,,,9,,Hotel location,$166-185 + tax,Downtown
4212,St Mark's Lutheran Church,4,3,,1,1,2,,,,,3,3,Accompaniment experience,$151-165 + tax,Superdome
13029,St Mark's Lutheran Church By The Narrows,4,3,,,1,1,,,,,4,1,Hotel location,$151-165 + tax,Downtown
2679,St Martin Evangelical Lutheran Church,5,4,,,1,3,,,,,3,3,Hotel location,$166-185 + tax,French Quarter
11221,St Martin Lutheran Church,5,3,,,3,2,,,,2,4,6,Hotel location,$166-185 + tax,Downtown
14057,St Martin's Lutheran Church,7,1,,,1,2,,,,,3,,Hotel location,$151-165 + tax,Downtown
1482,St Matthew Evangelical Lutheran Church,2,4,,,5,4,,,,,3,4,Hotel location,$151-165 + tax,Downtown
3478,St Matthew Lutheran Church,,,,,1,,,,,,,,,,
1080,St Matthew Lutheran Church,1,4,,,1,2,,,,,2,1,Accompaniment experience,,
459,St Matthew Lutheran Church,2,2,,,1,1,,,,,2,2,Accompaniment experience,,French Quarter
4934,St Matthew Lutheran Church,3,2,,1,1,1,,,,,2,2,Accompaniment experience,$151-165 + tax,Downtown
830,St Matthew Lutheran Church,2,5,,,1,2,,,,,2,3,Hotel location,$151-165 + tax,Superdome
12121,St Matthew Lutheran Church,4,6,,,1,2,,,,,3,1,Hotel price,$140-150 + tax,Convention Center
5948,St Matthew Lutheran Church,4,8,,,2,1,,1,,,4,4,Hotel location,$166-185 + tax,Superdome
5674,St Matthew Lutheran Church,5,11,,,3,3,,,,,7,,Hotel location,$166-185 + tax,French Quarter
13248,St Matthew Lutheran Church,17,9,,,2,3,,,,,8,2,Accompaniment experience,,Downtown
5655,St Michael Lutheran Church,3,3,,,1,1,,,,,2,2,Hotel location,$151-165 + tax,Superdome
3748,St Michael Lutheran Church,5,1,,,2,1,,,,,4,,Hotel location,$166-185 + tax,Superdome
7606,St Michael Lutheran Church,7,6,,,1,1,,,,,7,,Hotel location,$151-165 + tax,Downtown
7747,St Michael Lutheran Church,5,9,,,1,3,,,,,7,,Hotel price,$140-150 + tax,Superdome
30166,St Nicholas Lutheran Church,1,2,,,1,1,,,,,3,1,Accompaniment experience,$166-185 + tax,French Quarter
11859,St Olaf Lutheran Church,4,3,,,,1,,,8,,3,,,,
12228,St Olaf Lutheran Church,1,4,,,1,1,,,,,3,1,Hotel location,$151-165 + tax,Convention Center
12297,St Olaf Lutheran Church,6,1,,,,2,,,,,3,2,Hotel location,$140-150 + tax,Downtown
2427,St Paul Evangelical Lutheran Church,1,1,,,,2,,,,,,,,,
13328,St Paul Evangelical Lutheran Church,6,5,,,2,2,,,,2,4,2,Hotel location,$166-185 + tax,Downtown
5122,St Paul Lutheran Church,2,5,,,2,2,,,,,,,,,
6294,St Paul Lutheran Church,1,4,,,2,2,,,,,,,,,
11239,St Paul Lutheran Church,1,,,,,1,,,,,,,,,
13542,St Paul Lutheran Church,10,7,,,,4,,,,,,,,,
6606,St Paul Lutheran Church,1,1,,,2,2,,,,,,3,Accompaniment experience,$166-185 + tax,Superdome
5028,St Paul Lutheran Church,2,1,,,1,1,,,,,,3,Hotel location,$151-165 + tax,French Quarter
2934,St Paul Lutheran Church,2,2,,,1,1,,,6,,,4,Hotel location,$151-165 + tax,Downtown
1773,St Paul Lutheran Church,1,,,,2,,,,,,1,1,,,
1081,St Paul Lutheran Church,2,6,,,1,2,,,,,1,2,Hotel location,$151-165 + tax,Downtown
4552,St Paul Lutheran Church,,4,,,,2,,,,,2,,Hotel location,$140-150 + tax,Superdome
11474,St Paul Lutheran Church,2,4,,,,1,,,,,2,1,,,
10629,St Paul Lutheran Church,,6,,,1,2,,,,,2,1,Accompaniment experience,$166-185 + tax,Superdome
5855,St Paul Lutheran Church,2,2,,,1,1,,,,,2,1,Hotel location,$166-185 + tax,French Quarter
11896,St Paul Lutheran Church,2,4,,,,2,,,4,,2,1,Hotel location,$151-165 + tax,Convention Center
525,St Paul Lutheran Church,,5,,,,4,,,,,2,1,Hotel price,$140-150 + tax,French Quarter
10050,St Paul Lutheran Church,3,3,,,2,1,,,,,2,2,Accompaniment experience,$166-185 + tax,Downtown
10835,St Paul Lutheran Church,,3,,,,1,,,,,2,2,Accompaniment experience,$140-150 + tax,French Quarter
10809,St Paul Lutheran Church,5,4,,,2,1,,1,,,2,2,Hotel location,$166-185 + tax,French Quarter
14206,St Paul Lutheran Church,3,2,,,1,1,,,,,2,2,Hotel location,$140-150 + tax,French Quarter
11242,St Paul Lutheran Church,2,6,,,1,1,,,,,3,,Accompaniment experience,$151-165 + tax,French Quarter
4105,St Paul Lutheran Church,1,5,,,,2,,,,,3,,Hotel location,$166-185 + tax,Downtown
12622,St Paul Lutheran Church,1,4,,,1,1,,,,,3,,Hotel location,$166-185 + tax,Downtown
3709,St Paul Lutheran Church,2,1,,,,1,,,,,3,,Hotel price,$151-165 + tax,Superdome
14724,St Paul Lutheran Church,1,2,,,,2,,,,,3,,Hotel price,$151-165 + tax,Superdome
1307,St Paul Lutheran Church,3,8,,,1,2,,,,,3,2,Hotel location,$166-185 + tax,Superdome
10991,St Paul Lutheran Church,6,3,,,1,2,,,,,3,2,Hotel location,$166-185 + tax,Superdome
7030,St Paul Lutheran Church,5,4,,,1,2,,,,,3,3,Hotel location,$166-185 + tax,Superdome
2632,St Paul Lutheran Church,5,3,,,1,3,,,,,4,,Accompaniment experience,$166-185 + tax,Downtown
826,St Paul Lutheran Church,2,5,,1,1,3,,,,,5,,Accompaniment experience,$151-165 + tax,French Quarter
5044,St Paul Lutheran Church,2,2,,1,,1,,1,,,5,,Accompaniment experience,$166-185 + tax,French Quarter
11067,St Paul Lutheran Church,9,6,,1,,4,,,,,5,2,Hotel location,$151-165 + tax,Downtown
11204,St Paul Lutheran Church,9,15,,,,1,,,,,6,4,Hotel location,$151-165 + tax,Downtown
2057,St Paul Lutheran Church,6,7,,,1,3,,,,,8,1,Hotel location,,Downtown
10950,St Paul Lutheran Church,9,6,,,1,2,,,,,8,1,Hotel location,$166-185 + tax,Downtown
10255,St Paul's Evangelical Lutheran Church,3,2,,,1,1,,,,,2,2,Accompaniment experience,$151-165 + tax,Superdome
4094,St Paul's Evangelical Lutheran Church,2,5,,,1,3,,,,,2,4,Hotel location,$151-165 + tax,French Quarter
559,St Paul's Evangelical Lutheran Church,1,2,,,1,1,,,,,3,,Hotel price,$151-165 + tax,Downtown
11297,St Paul's Lutheran Church,3,1,,,,2,,,,,,,,,
2656,St Paul's Lutheran Church,4,6,,,2,3,,,,,6,,Hotel location,$151-165 + tax,Superdome
1251,St Peter (Fetterhoff's) Lutheran Church,,,,,,1,,,,,1,,Hotel location,$151-165 + tax,Superdome
363,St Peter (Hanover) Lutheran Church,3,,,,1,1,,,,,1,1,Hotel location,$166-185 + tax,Superdome
13271,St Peter Evangelical Lutheran Church,1,4,,,1,2,,,,,3,,Hotel location,$166-185 + tax,Downtown
10918,St Peter Evangelical Lutheran Church,6,15,,,1,6,,,,,8,3,Hotel price,$151-165 + tax,Superdome
541,St Peter Lutheran Church,2,3,,,2,3,,,,,,,,,
10978,St Peter Lutheran Church,3,,,,1,,,,,,,,,,
496,St Peter Lutheran Church,1,1,,,1,1,,,,,2,,Accompaniment experience,$151-165 + tax,Superdome
4070,St Peter Lutheran Church,2,,,,,3,,,,,2,,Hotel location,$151-165 + tax,Superdome
11375,St Peter Lutheran Church,1,3,,,2,1,,,,,2,2,Accompaniment experience,$151-165 + tax,French Quarter
11270,St Peter Lutheran Church,2,5,,,1,2,,,,,3,2,Hotel location,$151-165 + tax,Superdome
14801,St Peter Lutheran Church,2,3,,,1,2,,,,,3,2,Hotel location,$166-185 + tax,Downtown
14671,St Peter Lutheran Church,4,3,,,2,1,,,,,4,,Hotel location,$151-165 + tax,Superdome
729,St Peter Lutheran Church,4,2,,,1,1,,,8,,4,,Hotel price,$140-150 + tax,Superdome
1166,St Peter's Lutheran Church,1,5,,,1,2,,,,,,,,,
14185,St Peter's Lutheran Church,3,,,,2,,,1,,,,,,,
1120,St Peter's Lutheran Church,1,2,,,,2,,,,,2,1,Accompaniment experience,$140-150 + tax,Superdome
7552,St Peter's Lutheran Church,6,2,,,2,2,,,,,4,2,Accompaniment experience,$166-185 + tax,Downtown
10655,St Petri Lutheran Church,,2,,,,2,,,,,2,1,Accompaniment experience,$140-150 + tax,French Quarter
6156,St Philip Lutheran Church,5,7,,,3,2,,,,,,,,,
5634,St Philip Lutheran Church,2,2,,,,2,,,,,2,,Hotel location,$166-185 + tax,Downtown
2725,St Philip Lutheran Church,3,8,,,,3,,,,,3,2,Hotel location,$166-185 + tax,Downtown
7343,St Philip Lutheran Church,2,5,,,2,1,,,,,4,,Hotel location,$166-185 + tax,Convention Center
6100,St Stephen Lutheran Church,,,,,1,,,,,,,,,,
3154,St Stephen Lutheran Church,,1,,,,1,,,,2,,1,Hotel location,$166-185 + tax,Convention Center
1724,St Stephen Lutheran Church,1,,,,1,1,,,,,1,,Hotel location,$166-185 + tax,Convention Center
2658,St Stephen Lutheran Church,3,,,,,2,,,5,,2,,Accompaniment experience,$140-150 + tax,French Quarter
5718,St Stephen Lutheran Church,2,4,,,1,1,,,,,2,2,Accompaniment experience,$151-165 + tax,Downtown
1224,St Stephen Lutheran Church,1,3,,,1,1,,,,,2,2,Hotel location,$166-185 + tax,Downtown
7306,St Stephen Lutheran Church,2,5,,,1,2,,1,,,2,5,Hotel location,$151-165 + tax,French Quarter
6779,St Stephen Lutheran Church,,3,,2,,2,,,,,3,,Hotel location,$151-165 + tax,French Quarter
2472,St Stephen Lutheran Church,5,2,,,1,2,,,,,5,,Hotel location,$151-165 + tax,Downtown
12146,St Stephen Lutheran Church,10,8,,,2,2,,,,,7,,Accompaniment experience,$151-165 + tax,Downtown
6698,St Stephen The Martyr Lutheran Church,3,2,,,1,1,,,,,2,,Accompaniment experience,$140-150 + tax,Downtown
3304,St Timothy Lutheran Church,2,2,,,,1,,,,,,,,,
6089,St Timothy Lutheran Church,1,3,,,3,4,,,,,,,,,
3706,St Timothy Lutheran Church,,3,,,1,1,,,,,1,2,Accompaniment experience,$151-165 + tax,French Quarter
3079,St. Mark's Evangelical Lutheran Church,2,8,,,1,2,,,,,,,,,
2015,St. Paul Lutheran Church,1,3,,,1,1,,,,,2,2,Hotel location,$151-165 + tax,Downtown
4478,St. Stephen Martyr Lutheran Church,3,3,,,1,2,,,,,2,2,Hotel location,$166-185 + tax,French Quarter
5004,Streams in the Desert Lutheran Church,,,,,2,1,,,,,2,,Accompaniment experience,$140-150 + tax,French Quarter
14664,Sugar Creek Lutheran Church,8,19,,,2,4,,,,,9,,Hotel location,$151-165 + tax,Convention Center
1301,Swamp Lutheran Church,,5,,,1,3,,,,,3,1,Hotel location,$151-165 + tax,Convention Center
2456,Swedesburg Lutheran Church,2,2,,,3,2,,,,,,,,,
7368,Tanque Verde Lutheran Church,2,3,,,2,2,,,,2,4,,Accompaniment experience,$166-185 + tax,Downtown
2024,Test Congregation,,,,,,1,,,,,,1,Accompaniment experience,$151-165 + tax,Downtown
20065,The Evangelical Lutheran Church Of The Good Shepherd,3,3,,,1,3,,,,,3,1,Hotel location,,Downtown
2714,The Lutheran Church of The Good Shepherd,1,5,,,,2,,,,,3,,Hotel location,$140-150 + tax,Downtown
30949,The Neighborhood Church,4,8,,,1,2,,,,2,5,,Hotel price,$151-165 + tax,Superdome
10530,Town Line Lutheran Church,6,1,,,1,3,,,,,5,1,Hotel location,$166-185 + tax,Downtown
3156,Transfiguration Lutheran Church,2,2,,,,2,,,,,4,,Hotel location,$166-185 + tax,French Quarter
7828,Tree Of Life Lutheran Church,3,3,,,1,1,,,,,2,1,Hotel location,$151-165 + tax,Convention Center
1510,Trindle Spring Lutheran Church,,3,,1,,2,,,,,2,2,Hotel location,$166-185 + tax,Downtown
11084,Trinity Evangelical Lutheran Church,1,1,,,1,1,,,,,2,1,Accompaniment experience,$151-165 + tax,French Quarter
10497,Trinity Evangelical Lutheran Church,6,6,,,2,3,,,,,6,,Hotel location,$166-185 + tax,French Quarter
749,Trinity Lutheran Church,2,,,,1,1,,,,,,,,,
5484,Trinity Lutheran Church,,,,,,1,,,,,,,,,
6638,Trinity Lutheran Church,2,,,,2,,,,,,,,,,
12232,Trinity Lutheran Church,5,7,,,,3,,,,,,,,,
14607,Trinity Lutheran Church,5,1,,,,4,,,,,,,,,
2138,Trinity Lutheran Church,1,3,,,1,3,,,,,,2,Hotel location,$166-185 + tax,Convention Center
13355,Trinity Lutheran Church,2,,,,1,,,,,,,2,Hotel price,$140-150 + tax,French Quarter
14029,Trinity Lutheran Church,2,2,,,1,1,,,,,,4,Accompaniment experience,$140-150 + tax,French Quarter
20204,Trinity Lutheran Church,2,,,,1,,,,,,1,,Hotel location,$166-185 + tax,French Quarter
12306,Trinity Lutheran Church,4,,,,,2,,,,,1,2,,,
10217,Trinity Lutheran Church,2,2,,,,2,,,,,2,,Hotel location,$166-185 + tax,Superdome
20033,Trinity Lutheran Church,4,,,,2,,,,,,2,,Hotel location,$166-185 + tax,Downtown
6514,Trinity Lutheran Church,2,3,,,1,1,,,,,2,1,Hotel location,$151-165 + tax,Superdome
11316,Trinity Lutheran Church,,4,,,,1,,,1,,2,1,Hotel location,$151-165 + tax,Downtown
11949,Trinity Lutheran Church,8,1,,,1,2,,,,,2,1,Hotel location,$166-185 + tax,Convention Center
5832,Trinity Lutheran Church,1,4,,,1,1,,,,,2,2,Accompaniment experience,$140-150 + tax,Downtown
6837,Trinity Lutheran Church,2,2,,,1,1,,,,,2,2,Hotel location,,Convention Center
7367,Trinity Lutheran Church,3,4,,,1,1,,,,,2,2,Hotel location,$151-165 + tax,Superdome
1717,Trinity Lutheran Church,3,1,,,2,1,,,,,2,3,Hotel location,$166-185 + tax,Downtown
14706,Trinity Lutheran Church,5,6,,,1,3,,,,,2,4,Accompaniment experience,$151-165 + tax,French Quarter
4816,Trinity Lutheran Church,2,4,,,1,1,,,,,3,,Hotel location,$151-165 + tax,Downtown
11471,Trinity Lutheran Church,,4,,1,,2,,,,,3,,Hotel location,$166-185 + tax,French Quarter
13330,Trinity Lutheran Church,2,2,,,,2,,,,,3,,Hotel location,$166-185 + tax,French Quarter
11708,Trinity Lutheran Church,8,2,,,1,1,,,,,3,,Hotel price,$140-150 + tax,Superdome
1031,Trinity Lutheran Church,3,4,,,1,3,,,,,3,1,Hotel location,$151-165 + tax,French Quarter
1513,Trinity Lutheran Church,5,1,,,1,1,,,,,3,2,,,
5656,Trinity Lutheran Church,3,3,,,,1,,,,,3,2,Hotel location,$151-165 + tax,Superdome
3063,Trinity Lutheran Church,3,5,,,2,1,,,,,4,1,Accompaniment experience,,
10851,Trinity Lutheran Church,3,5,,,1,2,,,,,4,1,Hotel location,$151-165 + tax,Downtown
1750,Trinity Lutheran Church,2,4,,,1,2,,,,,4,1,Hotel price,$151-165 + tax,Downtown
11776,Trinity Lutheran Church,2,11,,,,2,,,,,4,2,Accompaniment experience,$140-150 + tax,Superdome
13243,Trinity Lutheran Church,5,5,,,1,2,,,,,4,2,Accompaniment experience,$140-150 + tax,Downtown
2835,Trinity Lutheran Church,,3,,,,2,,,,,4,2,Hotel location,$166-185 + tax,Downtown
14129,Trinity Lutheran Church,3,7,,,1,2,,,13,,4,2,Hotel location,$140-150 + tax,Downtown
1173,Trinity Lutheran Church,4,7,,,1,3,,,,,4,3,Accompaniment experience,$151-165 + tax,French Quarter
2529,Trinity Lutheran Church,8,4,,,1,4,,,,,4,3,Accompaniment experience,$151-165 + tax,Superdome
5915,Trinity Lutheran Church,6,2,,,2,3,,,,,4,3,Hotel location,$166-185 + tax,Downtown
5340,Trinity Lutheran Church,4,11,,,1,3,,,,,4,4,Hotel location,$151-165 + tax,Superdome
12954,Trinity Lutheran Church,5,5,,,1,2,,,,,5,,,,
30394,Trinity Lutheran Church,5,5,,,,4,,,,,5,,,,
5489,Trinity Lutheran Church,4,3,,,2,1,,,,,5,,Accompaniment experience,$166-185 + tax,Downtown
567,Trinity Lutheran Church,2,10,,1,1,1,,,,,5,,Hotel location,$151-165 + tax,Superdome
11815,Trinity Lutheran Church,5,6,,,,3,,,,,5,,Hotel location,$166-185 + tax,French Quarter
13650,Trinity Lutheran Church,5,6,,,1,3,,,,,5,1,Accompaniment experience,$166-185 + tax,Superdome
13715,Trinity Lutheran Church,6,12,,,2,1,,,,,5,1,Accompaniment experience,$151-165 + tax,Downtown
6086,Trinity Lutheran Church,5,4,,1,1,3,,,,,5,1,Hotel location,$166-185 + tax,Downtown
12578,Trinity Lutheran Church,3,5,,,1,4,,,,,5,1,Hotel location,$166-185 + tax,Downtown
448,Trinity Lutheran Church,6,5,,,,1,,,,,5,2,Hotel location,$151-165 + tax,Downtown
6741,Trinity Lutheran Church,8,10,,,1,2,,,,,5,2,Hotel location,$151-165 + tax,French Quarter
14642,Trinity Lutheran Church,8,11,,,1,2,,,,,5,2,Hotel location,$151-165 + tax,Superdome
12004,Trinity Lutheran Church,4,7,,,2,4,,,,,6,,Accompaniment experience,$151-165 + tax,Downtown
680,Trinity Lutheran Church,5,5,,,3,2,,,,,6,,Hotel location,$166-185 + tax,Superdome
14393,Trinity Lutheran Church,8,5,,,2,2,,,3,,6,,Hotel location,$140-150 + tax,Downtown
14551,Trinity Lutheran Church,14,2,,,1,2,,,,,6,,Hotel location,$166-185 + tax,Downtown
2858,Trinity Lutheran Church,6,4,,1,3,2,,,,,6,1,Hotel location,$166-185 + tax,Superdome
11327,Trinity Lutheran Church,6,9,,,2,7,,,,,6,2,Hotel location,$166-185 + tax,Superdome
11892,Trinity Lutheran Church,7,16,,,2,4,,,,,6,3,Hotel location,$151-165 + tax,French Quarter
11054,Trinity Lutheran Church,15,11,,1,3,3,,,,,7,6,Hotel location,$151-165 + tax,Superdome
14349,Trinity Lutheran Church,4,23,,,1,5,,,,,8,1,Hotel price,$151-165 + tax,Downtown
14808,Trinity Lutheran Church,10,18,,,1,8,,,,,9,2,Hotel location,$151-165 + tax,Downtown
11594,Trinity Lutheran Church,6,7,,,1,2,,,,,10,,Hotel location,$151-165 + tax,Downtown
13747,Trinity Lutheran Church,13,16,,,3,4,,,,,11,1,Hotel location,$151-165 + tax,Superdome
14581,Trinity Lutheran Church,10,20,,1,2,4,,,,,12,,Hotel location,$151-165 + tax,Downtown
13368,Trinity Lutheran Church Of Choteau,,6,,,,3,,,,,3,,Accompaniment experience,$140-150 + tax,French Quarter
7488,Triumphant Love Lutheran Church,19,13,,,5,6,,,11,,18,1,Hotel location,$151-165 + tax,Downtown
627,Union Lutheran Church,1,3,,,2,2,,,,,3,2,Hotel location,$166-185 + tax,French Quarter
5911,United Dr Martin Luther Lutheran Church,,2,,,1,2,,,,,2,1,Hotel price,$140-150 + tax,French Quarter
2169,United Evangelical Lutheran Church of Peace,3,5,,,,3,,,,,3,3,Accompaniment experience,$166-185 + tax,Downtown
31421,United Fellowship Lutheran Church,1,2,,,1,1,,,,,2,1,Accompaniment experience,$151-165 + tax,French Quarter
7162,United In Christ Lutheran Church,1,6,,,,1,,,,,,,,,
7431,United Lutheran Church,,2,,,1,1,,,,,1,1,Hotel location,$166-185 + tax,Superdome
11902,United Lutheran Church,8,6,,,1,3,,,,,3,3,Hotel location,$151-165 + tax,Downtown
12358,United Lutheran Church,4,9,,,1,2,,,,,4,3,Hotel location,$151-165 + tax,Downtown
11978,United Redeemer Lutheran Church,,,,,,1,,,,,,,,,
31224,Unity Lutheran Church,4,6,,,3,3,,,,,10,,Accompaniment experience,$166-185 + tax,Superdome
5652,University Lutheran Church,,5,,,1,2,,,,,3,1,Accompaniment experience,$166-185 + tax,French Quarter
12359,University Lutheran Church,6,11,,,2,2,,,,,5,2,Hotel location,$166-185 + tax,French Quarter
20295,University Lutheran Church & Student Center,1,5,,,,2,,,,,2,2,Hotel location,$140-150 + tax,Downtown
12503,Valle Lutheran Church,1,6,,,2,3,,,,,4,1,Hotel location,$151-165 + tax,Superdome
11744,Vang Lutheran Church,4,11,,,2,7,,,4,,7,4,Hotel location,$166-185 + tax,French Quarter
30948,Vida Eterna - Iglesia Luterana,1,3,,,1,1,,,,,4,,Hotel location,$140-150 + tax,Downtown
614,Weisenberg Lutheran Church,2,2,,,2,4,,,,,4,,Hotel location,$151-165 + tax,Downtown
14558,West Immanuel Lutheran Church,,8,,,,3,,,,,3,,Hotel location,$166-185 + tax,Downtown
3112,West Union Lutheran Church,2,3,,,1,5,,,,,3,,Hotel location,$166-185 + tax,Superdome
30905,Westside Lutheran Church,3,2,,,1,1,,,,,2,,Hotel price,$166-185 + tax,French Quarter
11914,Westwood Lutheran Church,2,3,,,1,2,,,,,2,2,Hotel location,$151-165 + tax,Downtown
11024,Winnebago Lutheran Church,,1,,,1,1,,,,,1,1,Accompaniment experience,$151-165 + tax,French Quarter
14852,Wiota Lutheran Church,1,4,,,,3,,,,,3,,Hotel location,$151-165 + tax,Downtown
16019,Word Of Peace Lutheran Church,2,12,,,,3,,,,,6,,Hotel location,$140-150 + tax,Superdome
14606,Yellowstone Lutheran Church,6,5,,,2,3,,,,,4,,Hotel location,$151-165 + tax,French Quarter
13318,Zion Evangelical Lutheran Church,3,4,,,3,2,,,,,2,3,Hotel location,$151-165 + tax,Downtown
10642,Zion Evangelical Lutheran Church,5,2,,,1,4,,,,2,6,,Accompaniment experience,$151-165 + tax,Downtown
11070,Zion Lutheran Church,2,,,,1,,,,,,,,,,
13228,Zion Lutheran Church,3,,,,1,1,,,,,,,,,
14598,Zion Lutheran Church,2,8,,,2,1,,,,,,,,,
13584,Zion Lutheran Church,1,2,,,1,1,,,,,2,,Accompaniment experience,$151-165 + tax,French Quarter
11216,Zion Lutheran Church,3,,,,1,,,,,,2,,Hotel location,$140-150 + tax,French Quarter
834,Zion Lutheran Church,2,3,,,,2,,,,,2,,Hotel price,$151-165 + tax,Convention Center
6838,Zion Lutheran Church,2,2,,,1,2,,,,,2,,Hotel price,$140-150 + tax,Superdome
30444,Zion Lutheran Church,1,1,,,1,1,,,,,2,,Hotel price,$151-165 + tax,Downtown
1667,Zion Lutheran Church,1,3,,,2,1,,,,,2,1,,,
12923,Zion Lutheran Church,2,2,,,,2,,,,,2,1,Hotel location,$166-185 + tax,Convention Center
11074,Zion Lutheran Church,4,4,,,1,2,,,,,2,2,Hotel location,$151-165 + tax,French Quarter
13300,Zion Lutheran Church,,5,,,,2,,,,,3,,Hotel location,$166-185 + tax,Downtown
1118,Zion Lutheran Church,2,,,,1,,,,,,3,,Hotel price,$166-185 + tax,Convention Center
5719,Zion Lutheran Church,5,1,,,2,1,,,,,3,2,Hotel location,$166-185 + tax,Superdome
5753,Zion Lutheran Church,3,7,,,2,3,,,,,4,,Hotel location,$166-185 + tax,Superdome
10201,Zion Lutheran Church,3,2,,,2,2,,,,,4,,Hotel location,$166-185 + tax,Superdome
11951,Zion Lutheran Church,1,11,,,,3,,,,,4,1,Hotel location,$151-165 + tax,Downtown
12673,Zion Lutheran Church,6,8,,,,2,,,,,4,2,Hotel location,$166-185 + tax,French Quarter
13235,Zion Lutheran Church,6,5,,,1,3,,,,,4,2,Hotel location,$140-150 + tax,Downtown
1487,Zion Lutheran Church,5,6,,,1,2,,,,,5,1,Hotel location,$151-165 + tax,Downtown
2955,Zion Lutheran Church,2,9,,,1,2,,,,,6,,Accompaniment experience,$140-150 + tax,Convention Center
7026,Zion Lutheran Church,6,12,,,2,3,,,,,6,,Hotel location,$166-185 + tax,Downtown
11605,Zion Lutheran Church,6,11,,,,3,,,,,6,,Hotel location,$166-185 + tax,Downtown
14148,Zion Lutheran Church Of Helotes,10,5,,,1,1,,,,,5,,Hotel price,$140-150 + tax,French Quarter
11140,Zion St John Lutheran Church,3,2,,,1,2,,,,,1,3,Accompaniment experience,$166-185 + tax,Superdome
11345,Zoar Lutheran Church,,8,,,1,3,,,,,7,,Hotel location,$166-185 + tax,Downtown